Initiating batch FBP reconstruction from saved sinograms
Data loading time: 22.06 seconds
Reconstruction time: 8.74 seconds
Writing time: 81.83 seconds

------------------------------------------------------------
Sender: LSF System <lsfadmin@hpc.dtu.dk>
Subject: Job 23671708[1]: <folder_job[1-12]> in cluster <dcc> Done

Job <folder_job[1-12]> was submitted from host <gbarlogin1> by user <msaca> in cluster <dcc> at Mon Jan 13 18:44:05 2025
Job was executed on host(s) <12*n-62-20-2>, in queue <gpuv100>, as user <msaca> in cluster <dcc> at Mon Jan 13 18:44:07 2025
</zhome/71/c/146676> was used as the home directory.
</zhome/71/c/146676/main> was used as the working directory.
Started at Mon Jan 13 18:44:07 2025
Terminated at Mon Jan 13 18:46:06 2025
Results reported at Mon Jan 13 18:46:06 2025

Your job looked like:

------------------------------------------------------------
# LSBATCH: User input
#!/bin/bash
# embedded options to bsub - start with #BSUB
# -- name ---
#BSUB -J Recon
# -- choose queue --
# For gpu write gpuv100
#BSUB -q gpuv100
#BSUB -e my_job_error1.log
#BSUB -o my_job_output1.log
#BSUB -M 8000
#BSUB -R "rusage[mem=8000]"
# -- estimated wall clock time (execution time): hh:mm -- 
#BSUB -W 24:00 
# -- Number of cores requested -- 
#BSUB -n 12
# -- Specify the distribution of the cores: on a separate nodes --
#BSUB -R "span[hosts=1]"
# Array job: N tasks, one per folder
#BSUB -J folder_job[1-12]
# -- end of LSF options -- 

source /zhome/71/c/146676/miniconda3/bin/activate && conda activate cil5


THRESHOLD="0.5"
SIZE="7"
DECNUM="5"
WNAME="10"
SIGMA="0.3"
ALPHA="100.0"
NUM_PROC="12"

# Export variables to make them available to the Python script
export THRESHOLD
export SIZE
export DECNUM
export WNAME
export SIGMA
export ALPHA
export BETA
export DELTA
export NUM_PROC

# python -c "from reconstructor_NA import recon_FBP_single; recon_FBP_single($LSB_JOBINDEX)"
python -c "from reconstructor_NA import recon_FBP_multi; recon_FBP_multi($LSB_JOBINDEX)"
# python -c "from reconstructor_NA import recon_TV_single; recon_TV_single($LSB_JOBINDEX)"
#python -c "from reconstructor_NA import recon_TV_multi; recon_TV_multi($LSB_JOBINDEX)"


------------------------------------------------------------

Successfully completed.

Resource usage summary:

    CPU time :                                   20.00 sec.
    Max Memory :                                 658 MB
    Average Memory :                             658.00 MB
    Total Requested Memory :                     96000.00 MB
    Delta Memory :                               95342.00 MB
    Max Swap :                                   -
    Max Processes :                              4
    Max Threads :                                7
    Run time :                                   167 sec.
    Turnaround time :                            121 sec.

The output (if any) is above this job summary.



PS:

Read file <my_job_error1.log> for stderr output of this job.

Initiating batch FBP reconstruction from saved sinograms
Data loading time: 121.42 seconds
Reconstruction time: 8.86 seconds
Writing time: 116.92 seconds

------------------------------------------------------------
Sender: LSF System <lsfadmin@hpc.dtu.dk>
Subject: Job 23671708[2]: <folder_job[1-12]> in cluster <dcc> Done

Job <folder_job[1-12]> was submitted from host <gbarlogin1> by user <msaca> in cluster <dcc> at Mon Jan 13 18:44:05 2025
Job was executed on host(s) <12*n-62-20-3>, in queue <gpuv100>, as user <msaca> in cluster <dcc> at Mon Jan 13 18:44:07 2025
</zhome/71/c/146676> was used as the home directory.
</zhome/71/c/146676/main> was used as the working directory.
Started at Mon Jan 13 18:44:07 2025
Terminated at Mon Jan 13 18:48:20 2025
Results reported at Mon Jan 13 18:48:20 2025

Your job looked like:

------------------------------------------------------------
# LSBATCH: User input
#!/bin/bash
# embedded options to bsub - start with #BSUB
# -- name ---
#BSUB -J Recon
# -- choose queue --
# For gpu write gpuv100
#BSUB -q gpuv100
#BSUB -e my_job_error1.log
#BSUB -o my_job_output1.log
#BSUB -M 8000
#BSUB -R "rusage[mem=8000]"
# -- estimated wall clock time (execution time): hh:mm -- 
#BSUB -W 24:00 
# -- Number of cores requested -- 
#BSUB -n 12
# -- Specify the distribution of the cores: on a separate nodes --
#BSUB -R "span[hosts=1]"
# Array job: N tasks, one per folder
#BSUB -J folder_job[1-12]
# -- end of LSF options -- 

source /zhome/71/c/146676/miniconda3/bin/activate && conda activate cil5


THRESHOLD="0.5"
SIZE="7"
DECNUM="5"
WNAME="10"
SIGMA="0.3"
ALPHA="100.0"
NUM_PROC="12"

# Export variables to make them available to the Python script
export THRESHOLD
export SIZE
export DECNUM
export WNAME
export SIGMA
export ALPHA
export BETA
export DELTA
export NUM_PROC

# python -c "from reconstructor_NA import recon_FBP_single; recon_FBP_single($LSB_JOBINDEX)"
python -c "from reconstructor_NA import recon_FBP_multi; recon_FBP_multi($LSB_JOBINDEX)"
# python -c "from reconstructor_NA import recon_TV_single; recon_TV_single($LSB_JOBINDEX)"
#python -c "from reconstructor_NA import recon_TV_multi; recon_TV_multi($LSB_JOBINDEX)"


------------------------------------------------------------

Successfully completed.

Resource usage summary:

    CPU time :                                   19.00 sec.
    Max Memory :                                 4798 MB
    Average Memory :                             2973.00 MB
    Total Requested Memory :                     96000.00 MB
    Delta Memory :                               91202.00 MB
    Max Swap :                                   -
    Max Processes :                              4
    Max Threads :                                9
    Run time :                                   301 sec.
    Turnaround time :                            255 sec.

The output (if any) is above this job summary.



PS:

Read file <my_job_error1.log> for stderr output of this job.

Initiating batch FBP reconstruction from saved sinograms
Data loading time: 140.10 seconds
Reconstruction time: 8.29 seconds
Writing time: 118.53 seconds

------------------------------------------------------------
Sender: LSF System <lsfadmin@hpc.dtu.dk>
Subject: Job 23671708[3]: <folder_job[1-12]> in cluster <dcc> Done

Job <folder_job[1-12]> was submitted from host <gbarlogin1> by user <msaca> in cluster <dcc> at Mon Jan 13 18:44:05 2025
Job was executed on host(s) <12*n-62-20-5>, in queue <gpuv100>, as user <msaca> in cluster <dcc> at Mon Jan 13 18:44:07 2025
</zhome/71/c/146676> was used as the home directory.
</zhome/71/c/146676/main> was used as the working directory.
Started at Mon Jan 13 18:44:07 2025
Terminated at Mon Jan 13 18:48:40 2025
Results reported at Mon Jan 13 18:48:40 2025

Your job looked like:

------------------------------------------------------------
# LSBATCH: User input
#!/bin/bash
# embedded options to bsub - start with #BSUB
# -- name ---
#BSUB -J Recon
# -- choose queue --
# For gpu write gpuv100
#BSUB -q gpuv100
#BSUB -e my_job_error1.log
#BSUB -o my_job_output1.log
#BSUB -M 8000
#BSUB -R "rusage[mem=8000]"
# -- estimated wall clock time (execution time): hh:mm -- 
#BSUB -W 24:00 
# -- Number of cores requested -- 
#BSUB -n 12
# -- Specify the distribution of the cores: on a separate nodes --
#BSUB -R "span[hosts=1]"
# Array job: N tasks, one per folder
#BSUB -J folder_job[1-12]
# -- end of LSF options -- 

source /zhome/71/c/146676/miniconda3/bin/activate && conda activate cil5


THRESHOLD="0.5"
SIZE="7"
DECNUM="5"
WNAME="10"
SIGMA="0.3"
ALPHA="100.0"
NUM_PROC="12"

# Export variables to make them available to the Python script
export THRESHOLD
export SIZE
export DECNUM
export WNAME
export SIGMA
export ALPHA
export BETA
export DELTA
export NUM_PROC

# python -c "from reconstructor_NA import recon_FBP_single; recon_FBP_single($LSB_JOBINDEX)"
python -c "from reconstructor_NA import recon_FBP_multi; recon_FBP_multi($LSB_JOBINDEX)"
# python -c "from reconstructor_NA import recon_TV_single; recon_TV_single($LSB_JOBINDEX)"
#python -c "from reconstructor_NA import recon_TV_multi; recon_TV_multi($LSB_JOBINDEX)"


------------------------------------------------------------

Successfully completed.

Resource usage summary:

    CPU time :                                   21.00 sec.
    Max Memory :                                 4792 MB
    Average Memory :                             2434.20 MB
    Total Requested Memory :                     96000.00 MB
    Delta Memory :                               91208.00 MB
    Max Swap :                                   -
    Max Processes :                              4
    Max Threads :                                9
    Run time :                                   321 sec.
    Turnaround time :                            275 sec.

The output (if any) is above this job summary.



PS:

Read file <my_job_error1.log> for stderr output of this job.

Initiating batch FBP reconstruction from saved sinograms
Data loading time: 147.90 seconds
Reconstruction time: 9.18 seconds
Writing time: 114.38 seconds

------------------------------------------------------------
Sender: LSF System <lsfadmin@hpc.dtu.dk>
Subject: Job 23671708[4]: <folder_job[1-12]> in cluster <dcc> Done

Job <folder_job[1-12]> was submitted from host <gbarlogin1> by user <msaca> in cluster <dcc> at Mon Jan 13 18:44:05 2025
Job was executed on host(s) <12*n-62-20-13>, in queue <gpuv100>, as user <msaca> in cluster <dcc> at Mon Jan 13 18:44:07 2025
</zhome/71/c/146676> was used as the home directory.
</zhome/71/c/146676/main> was used as the working directory.
Started at Mon Jan 13 18:44:07 2025
Terminated at Mon Jan 13 18:48:44 2025
Results reported at Mon Jan 13 18:48:44 2025

Your job looked like:

------------------------------------------------------------
# LSBATCH: User input
#!/bin/bash
# embedded options to bsub - start with #BSUB
# -- name ---
#BSUB -J Recon
# -- choose queue --
# For gpu write gpuv100
#BSUB -q gpuv100
#BSUB -e my_job_error1.log
#BSUB -o my_job_output1.log
#BSUB -M 8000
#BSUB -R "rusage[mem=8000]"
# -- estimated wall clock time (execution time): hh:mm -- 
#BSUB -W 24:00 
# -- Number of cores requested -- 
#BSUB -n 12
# -- Specify the distribution of the cores: on a separate nodes --
#BSUB -R "span[hosts=1]"
# Array job: N tasks, one per folder
#BSUB -J folder_job[1-12]
# -- end of LSF options -- 

source /zhome/71/c/146676/miniconda3/bin/activate && conda activate cil5


THRESHOLD="0.5"
SIZE="7"
DECNUM="5"
WNAME="10"
SIGMA="0.3"
ALPHA="100.0"
NUM_PROC="12"

# Export variables to make them available to the Python script
export THRESHOLD
export SIZE
export DECNUM
export WNAME
export SIGMA
export ALPHA
export BETA
export DELTA
export NUM_PROC

# python -c "from reconstructor_NA import recon_FBP_single; recon_FBP_single($LSB_JOBINDEX)"
python -c "from reconstructor_NA import recon_FBP_multi; recon_FBP_multi($LSB_JOBINDEX)"
# python -c "from reconstructor_NA import recon_TV_single; recon_TV_single($LSB_JOBINDEX)"
#python -c "from reconstructor_NA import recon_TV_multi; recon_TV_multi($LSB_JOBINDEX)"


------------------------------------------------------------

Successfully completed.

Resource usage summary:

    CPU time :                                   20.00 sec.
    Max Memory :                                 3545 MB
    Average Memory :                             2433.00 MB
    Total Requested Memory :                     96000.00 MB
    Delta Memory :                               92455.00 MB
    Max Swap :                                   -
    Max Processes :                              4
    Max Threads :                                9
    Run time :                                   378 sec.
    Turnaround time :                            279 sec.

The output (if any) is above this job summary.



PS:

Read file <my_job_error1.log> for stderr output of this job.

Initiating batch FBP reconstruction from saved sinograms
Data loading time: 156.16 seconds
Reconstruction time: 8.71 seconds
Writing time: 108.94 seconds

------------------------------------------------------------
Sender: LSF System <lsfadmin@hpc.dtu.dk>
Subject: Job 23671708[5]: <folder_job[1-12]> in cluster <dcc> Done

Job <folder_job[1-12]> was submitted from host <gbarlogin1> by user <msaca> in cluster <dcc> at Mon Jan 13 18:44:05 2025
Job was executed on host(s) <12*n-62-20-2>, in queue <gpuv100>, as user <msaca> in cluster <dcc> at Mon Jan 13 18:46:06 2025
</zhome/71/c/146676> was used as the home directory.
</zhome/71/c/146676/main> was used as the working directory.
Started at Mon Jan 13 18:46:06 2025
Terminated at Mon Jan 13 18:50:46 2025
Results reported at Mon Jan 13 18:50:46 2025

Your job looked like:

------------------------------------------------------------
# LSBATCH: User input
#!/bin/bash
# embedded options to bsub - start with #BSUB
# -- name ---
#BSUB -J Recon
# -- choose queue --
# For gpu write gpuv100
#BSUB -q gpuv100
#BSUB -e my_job_error1.log
#BSUB -o my_job_output1.log
#BSUB -M 8000
#BSUB -R "rusage[mem=8000]"
# -- estimated wall clock time (execution time): hh:mm -- 
#BSUB -W 24:00 
# -- Number of cores requested -- 
#BSUB -n 12
# -- Specify the distribution of the cores: on a separate nodes --
#BSUB -R "span[hosts=1]"
# Array job: N tasks, one per folder
#BSUB -J folder_job[1-12]
# -- end of LSF options -- 

source /zhome/71/c/146676/miniconda3/bin/activate && conda activate cil5


THRESHOLD="0.5"
SIZE="7"
DECNUM="5"
WNAME="10"
SIGMA="0.3"
ALPHA="100.0"
NUM_PROC="12"

# Export variables to make them available to the Python script
export THRESHOLD
export SIZE
export DECNUM
export WNAME
export SIGMA
export ALPHA
export BETA
export DELTA
export NUM_PROC

# python -c "from reconstructor_NA import recon_FBP_single; recon_FBP_single($LSB_JOBINDEX)"
python -c "from reconstructor_NA import recon_FBP_multi; recon_FBP_multi($LSB_JOBINDEX)"
# python -c "from reconstructor_NA import recon_TV_single; recon_TV_single($LSB_JOBINDEX)"
#python -c "from reconstructor_NA import recon_TV_multi; recon_TV_multi($LSB_JOBINDEX)"


------------------------------------------------------------

Successfully completed.

Resource usage summary:

    CPU time :                                   19.00 sec.
    Max Memory :                                 3544 MB
    Average Memory :                             2434.60 MB
    Total Requested Memory :                     96000.00 MB
    Delta Memory :                               92456.00 MB
    Max Swap :                                   -
    Max Processes :                              4
    Max Threads :                                9
    Run time :                                   280 sec.
    Turnaround time :                            401 sec.

The output (if any) is above this job summary.



PS:

Read file <my_job_error1.log> for stderr output of this job.

Initiating batch FBP reconstruction from saved sinograms
Data loading time: 152.78 seconds
Reconstruction time: 8.52 seconds
Writing time: 119.05 seconds

------------------------------------------------------------
Sender: LSF System <lsfadmin@hpc.dtu.dk>
Subject: Job 23671708[6]: <folder_job[1-12]> in cluster <dcc> Done

Job <folder_job[1-12]> was submitted from host <gbarlogin1> by user <msaca> in cluster <dcc> at Mon Jan 13 18:44:05 2025
Job was executed on host(s) <12*n-62-20-3>, in queue <gpuv100>, as user <msaca> in cluster <dcc> at Mon Jan 13 18:48:20 2025
</zhome/71/c/146676> was used as the home directory.
</zhome/71/c/146676/main> was used as the working directory.
Started at Mon Jan 13 18:48:20 2025
Terminated at Mon Jan 13 18:53:06 2025
Results reported at Mon Jan 13 18:53:06 2025

Your job looked like:

------------------------------------------------------------
# LSBATCH: User input
#!/bin/bash
# embedded options to bsub - start with #BSUB
# -- name ---
#BSUB -J Recon
# -- choose queue --
# For gpu write gpuv100
#BSUB -q gpuv100
#BSUB -e my_job_error1.log
#BSUB -o my_job_output1.log
#BSUB -M 8000
#BSUB -R "rusage[mem=8000]"
# -- estimated wall clock time (execution time): hh:mm -- 
#BSUB -W 24:00 
# -- Number of cores requested -- 
#BSUB -n 12
# -- Specify the distribution of the cores: on a separate nodes --
#BSUB -R "span[hosts=1]"
# Array job: N tasks, one per folder
#BSUB -J folder_job[1-12]
# -- end of LSF options -- 

source /zhome/71/c/146676/miniconda3/bin/activate && conda activate cil5


THRESHOLD="0.5"
SIZE="7"
DECNUM="5"
WNAME="10"
SIGMA="0.3"
ALPHA="100.0"
NUM_PROC="12"

# Export variables to make them available to the Python script
export THRESHOLD
export SIZE
export DECNUM
export WNAME
export SIGMA
export ALPHA
export BETA
export DELTA
export NUM_PROC

# python -c "from reconstructor_NA import recon_FBP_single; recon_FBP_single($LSB_JOBINDEX)"
python -c "from reconstructor_NA import recon_FBP_multi; recon_FBP_multi($LSB_JOBINDEX)"
# python -c "from reconstructor_NA import recon_TV_single; recon_TV_single($LSB_JOBINDEX)"
#python -c "from reconstructor_NA import recon_TV_multi; recon_TV_multi($LSB_JOBINDEX)"


------------------------------------------------------------

Successfully completed.

Resource usage summary:

    CPU time :                                   19.00 sec.
    Max Memory :                                 3541 MB
    Average Memory :                             2412.80 MB
    Total Requested Memory :                     96000.00 MB
    Delta Memory :                               92459.00 MB
    Max Swap :                                   -
    Max Processes :                              4
    Max Threads :                                9
    Run time :                                   286 sec.
    Turnaround time :                            541 sec.

The output (if any) is above this job summary.



PS:

Read file <my_job_error1.log> for stderr output of this job.

Initiating batch FBP reconstruction from saved sinograms
Data loading time: 144.33 seconds
Reconstruction time: 8.47 seconds
Writing time: 118.41 seconds

------------------------------------------------------------
Sender: LSF System <lsfadmin@hpc.dtu.dk>
Subject: Job 23671708[7]: <folder_job[1-12]> in cluster <dcc> Done

Job <folder_job[1-12]> was submitted from host <gbarlogin1> by user <msaca> in cluster <dcc> at Mon Jan 13 18:44:05 2025
Job was executed on host(s) <12*n-62-20-5>, in queue <gpuv100>, as user <msaca> in cluster <dcc> at Mon Jan 13 18:48:42 2025
</zhome/71/c/146676> was used as the home directory.
</zhome/71/c/146676/main> was used as the working directory.
Started at Mon Jan 13 18:48:42 2025
Terminated at Mon Jan 13 18:53:19 2025
Results reported at Mon Jan 13 18:53:19 2025

Your job looked like:

------------------------------------------------------------
# LSBATCH: User input
#!/bin/bash
# embedded options to bsub - start with #BSUB
# -- name ---
#BSUB -J Recon
# -- choose queue --
# For gpu write gpuv100
#BSUB -q gpuv100
#BSUB -e my_job_error1.log
#BSUB -o my_job_output1.log
#BSUB -M 8000
#BSUB -R "rusage[mem=8000]"
# -- estimated wall clock time (execution time): hh:mm -- 
#BSUB -W 24:00 
# -- Number of cores requested -- 
#BSUB -n 12
# -- Specify the distribution of the cores: on a separate nodes --
#BSUB -R "span[hosts=1]"
# Array job: N tasks, one per folder
#BSUB -J folder_job[1-12]
# -- end of LSF options -- 

source /zhome/71/c/146676/miniconda3/bin/activate && conda activate cil5


THRESHOLD="0.5"
SIZE="7"
DECNUM="5"
WNAME="10"
SIGMA="0.3"
ALPHA="100.0"
NUM_PROC="12"

# Export variables to make them available to the Python script
export THRESHOLD
export SIZE
export DECNUM
export WNAME
export SIGMA
export ALPHA
export BETA
export DELTA
export NUM_PROC

# python -c "from reconstructor_NA import recon_FBP_single; recon_FBP_single($LSB_JOBINDEX)"
python -c "from reconstructor_NA import recon_FBP_multi; recon_FBP_multi($LSB_JOBINDEX)"
# python -c "from reconstructor_NA import recon_TV_single; recon_TV_single($LSB_JOBINDEX)"
#python -c "from reconstructor_NA import recon_TV_multi; recon_TV_multi($LSB_JOBINDEX)"


------------------------------------------------------------

Successfully completed.

Resource usage summary:

    CPU time :                                   22.00 sec.
    Max Memory :                                 3555 MB
    Average Memory :                             2430.80 MB
    Total Requested Memory :                     96000.00 MB
    Delta Memory :                               92445.00 MB
    Max Swap :                                   -
    Max Processes :                              4
    Max Threads :                                9
    Run time :                                   279 sec.
    Turnaround time :                            554 sec.

The output (if any) is above this job summary.



PS:

Read file <my_job_error1.log> for stderr output of this job.

Initiating batch FBP reconstruction from saved sinograms
Data loading time: 150.68 seconds
Reconstruction time: 9.25 seconds
Writing time: 112.85 seconds

------------------------------------------------------------
Sender: LSF System <lsfadmin@hpc.dtu.dk>
Subject: Job 23671708[8]: <folder_job[1-12]> in cluster <dcc> Done

Job <folder_job[1-12]> was submitted from host <gbarlogin1> by user <msaca> in cluster <dcc> at Mon Jan 13 18:44:05 2025
Job was executed on host(s) <12*n-62-20-13>, in queue <gpuv100>, as user <msaca> in cluster <dcc> at Mon Jan 13 18:48:44 2025
</zhome/71/c/146676> was used as the home directory.
</zhome/71/c/146676/main> was used as the working directory.
Started at Mon Jan 13 18:48:44 2025
Terminated at Mon Jan 13 18:53:23 2025
Results reported at Mon Jan 13 18:53:23 2025

Your job looked like:

------------------------------------------------------------
# LSBATCH: User input
#!/bin/bash
# embedded options to bsub - start with #BSUB
# -- name ---
#BSUB -J Recon
# -- choose queue --
# For gpu write gpuv100
#BSUB -q gpuv100
#BSUB -e my_job_error1.log
#BSUB -o my_job_output1.log
#BSUB -M 8000
#BSUB -R "rusage[mem=8000]"
# -- estimated wall clock time (execution time): hh:mm -- 
#BSUB -W 24:00 
# -- Number of cores requested -- 
#BSUB -n 12
# -- Specify the distribution of the cores: on a separate nodes --
#BSUB -R "span[hosts=1]"
# Array job: N tasks, one per folder
#BSUB -J folder_job[1-12]
# -- end of LSF options -- 

source /zhome/71/c/146676/miniconda3/bin/activate && conda activate cil5


THRESHOLD="0.5"
SIZE="7"
DECNUM="5"
WNAME="10"
SIGMA="0.3"
ALPHA="100.0"
NUM_PROC="12"

# Export variables to make them available to the Python script
export THRESHOLD
export SIZE
export DECNUM
export WNAME
export SIGMA
export ALPHA
export BETA
export DELTA
export NUM_PROC

# python -c "from reconstructor_NA import recon_FBP_single; recon_FBP_single($LSB_JOBINDEX)"
python -c "from reconstructor_NA import recon_FBP_multi; recon_FBP_multi($LSB_JOBINDEX)"
# python -c "from reconstructor_NA import recon_TV_single; recon_TV_single($LSB_JOBINDEX)"
#python -c "from reconstructor_NA import recon_TV_multi; recon_TV_multi($LSB_JOBINDEX)"


------------------------------------------------------------

Successfully completed.

Resource usage summary:

    CPU time :                                   21.00 sec.
    Max Memory :                                 3539 MB
    Average Memory :                             2715.00 MB
    Total Requested Memory :                     96000.00 MB
    Delta Memory :                               92461.00 MB
    Max Swap :                                   -
    Max Processes :                              4
    Max Threads :                                9
    Run time :                                   279 sec.
    Turnaround time :                            558 sec.

The output (if any) is above this job summary.



PS:

Read file <my_job_error1.log> for stderr output of this job.

Initiating batch FBP reconstruction from saved sinograms
Data loading time: 13.95 seconds
Reconstruction time: 9.24 seconds
Writing time: 85.78 seconds

------------------------------------------------------------
Sender: LSF System <lsfadmin@hpc.dtu.dk>
Subject: Job 23671708[12]: <folder_job[1-12]> in cluster <dcc> Done

Job <folder_job[1-12]> was submitted from host <gbarlogin1> by user <msaca> in cluster <dcc> at Mon Jan 13 18:44:05 2025
Job was executed on host(s) <12*n-62-20-13>, in queue <gpuv100>, as user <msaca> in cluster <dcc> at Mon Jan 13 18:53:23 2025
</zhome/71/c/146676> was used as the home directory.
</zhome/71/c/146676/main> was used as the working directory.
Started at Mon Jan 13 18:53:23 2025
Terminated at Mon Jan 13 18:55:17 2025
Results reported at Mon Jan 13 18:55:17 2025

Your job looked like:

------------------------------------------------------------
# LSBATCH: User input
#!/bin/bash
# embedded options to bsub - start with #BSUB
# -- name ---
#BSUB -J Recon
# -- choose queue --
# For gpu write gpuv100
#BSUB -q gpuv100
#BSUB -e my_job_error1.log
#BSUB -o my_job_output1.log
#BSUB -M 8000
#BSUB -R "rusage[mem=8000]"
# -- estimated wall clock time (execution time): hh:mm -- 
#BSUB -W 24:00 
# -- Number of cores requested -- 
#BSUB -n 12
# -- Specify the distribution of the cores: on a separate nodes --
#BSUB -R "span[hosts=1]"
# Array job: N tasks, one per folder
#BSUB -J folder_job[1-12]
# -- end of LSF options -- 

source /zhome/71/c/146676/miniconda3/bin/activate && conda activate cil5


THRESHOLD="0.5"
SIZE="7"
DECNUM="5"
WNAME="10"
SIGMA="0.3"
ALPHA="100.0"
NUM_PROC="12"

# Export variables to make them available to the Python script
export THRESHOLD
export SIZE
export DECNUM
export WNAME
export SIGMA
export ALPHA
export BETA
export DELTA
export NUM_PROC

# python -c "from reconstructor_NA import recon_FBP_single; recon_FBP_single($LSB_JOBINDEX)"
python -c "from reconstructor_NA import recon_FBP_multi; recon_FBP_multi($LSB_JOBINDEX)"
# python -c "from reconstructor_NA import recon_TV_single; recon_TV_single($LSB_JOBINDEX)"
#python -c "from reconstructor_NA import recon_TV_multi; recon_TV_multi($LSB_JOBINDEX)"


------------------------------------------------------------

Successfully completed.

Resource usage summary:

    CPU time :                                   20.00 sec.
    Max Memory :                                 988 MB
    Average Memory :                             988.00 MB
    Total Requested Memory :                     96000.00 MB
    Delta Memory :                               95012.00 MB
    Max Swap :                                   -
    Max Processes :                              4
    Max Threads :                                7
    Run time :                                   114 sec.
    Turnaround time :                            672 sec.

The output (if any) is above this job summary.



PS:

Read file <my_job_error1.log> for stderr output of this job.

Initiating batch FBP reconstruction from saved sinograms
Data loading time: 156.27 seconds
Reconstruction time: 8.48 seconds
Writing time: 105.39 seconds

------------------------------------------------------------
Sender: LSF System <lsfadmin@hpc.dtu.dk>
Subject: Job 23671708[9]: <folder_job[1-12]> in cluster <dcc> Done

Job <folder_job[1-12]> was submitted from host <gbarlogin1> by user <msaca> in cluster <dcc> at Mon Jan 13 18:44:05 2025
Job was executed on host(s) <12*n-62-20-2>, in queue <gpuv100>, as user <msaca> in cluster <dcc> at Mon Jan 13 18:50:46 2025
</zhome/71/c/146676> was used as the home directory.
</zhome/71/c/146676/main> was used as the working directory.
Started at Mon Jan 13 18:50:46 2025
Terminated at Mon Jan 13 18:55:22 2025
Results reported at Mon Jan 13 18:55:22 2025

Your job looked like:

------------------------------------------------------------
# LSBATCH: User input
#!/bin/bash
# embedded options to bsub - start with #BSUB
# -- name ---
#BSUB -J Recon
# -- choose queue --
# For gpu write gpuv100
#BSUB -q gpuv100
#BSUB -e my_job_error1.log
#BSUB -o my_job_output1.log
#BSUB -M 8000
#BSUB -R "rusage[mem=8000]"
# -- estimated wall clock time (execution time): hh:mm -- 
#BSUB -W 24:00 
# -- Number of cores requested -- 
#BSUB -n 12
# -- Specify the distribution of the cores: on a separate nodes --
#BSUB -R "span[hosts=1]"
# Array job: N tasks, one per folder
#BSUB -J folder_job[1-12]
# -- end of LSF options -- 

source /zhome/71/c/146676/miniconda3/bin/activate && conda activate cil5


THRESHOLD="0.5"
SIZE="7"
DECNUM="5"
WNAME="10"
SIGMA="0.3"
ALPHA="100.0"
NUM_PROC="12"

# Export variables to make them available to the Python script
export THRESHOLD
export SIZE
export DECNUM
export WNAME
export SIGMA
export ALPHA
export BETA
export DELTA
export NUM_PROC

# python -c "from reconstructor_NA import recon_FBP_single; recon_FBP_single($LSB_JOBINDEX)"
python -c "from reconstructor_NA import recon_FBP_multi; recon_FBP_multi($LSB_JOBINDEX)"
# python -c "from reconstructor_NA import recon_TV_single; recon_TV_single($LSB_JOBINDEX)"
#python -c "from reconstructor_NA import recon_TV_multi; recon_TV_multi($LSB_JOBINDEX)"


------------------------------------------------------------

Successfully completed.

Resource usage summary:

    CPU time :                                   19.00 sec.
    Max Memory :                                 3555 MB
    Average Memory :                             2413.00 MB
    Total Requested Memory :                     96000.00 MB
    Delta Memory :                               92445.00 MB
    Max Swap :                                   -
    Max Processes :                              4
    Max Threads :                                9
    Run time :                                   276 sec.
    Turnaround time :                            677 sec.

The output (if any) is above this job summary.



PS:

Read file <my_job_error1.log> for stderr output of this job.

Initiating batch FBP reconstruction from saved sinograms
Data loading time: 148.79 seconds
Reconstruction time: 8.54 seconds
Writing time: 99.39 seconds

------------------------------------------------------------
Sender: LSF System <lsfadmin@hpc.dtu.dk>
Subject: Job 23671708[10]: <folder_job[1-12]> in cluster <dcc> Done

Job <folder_job[1-12]> was submitted from host <gbarlogin1> by user <msaca> in cluster <dcc> at Mon Jan 13 18:44:05 2025
Job was executed on host(s) <12*n-62-20-3>, in queue <gpuv100>, as user <msaca> in cluster <dcc> at Mon Jan 13 18:53:06 2025
</zhome/71/c/146676> was used as the home directory.
</zhome/71/c/146676/main> was used as the working directory.
Started at Mon Jan 13 18:53:06 2025
Terminated at Mon Jan 13 18:57:29 2025
Results reported at Mon Jan 13 18:57:29 2025

Your job looked like:

------------------------------------------------------------
# LSBATCH: User input
#!/bin/bash
# embedded options to bsub - start with #BSUB
# -- name ---
#BSUB -J Recon
# -- choose queue --
# For gpu write gpuv100
#BSUB -q gpuv100
#BSUB -e my_job_error1.log
#BSUB -o my_job_output1.log
#BSUB -M 8000
#BSUB -R "rusage[mem=8000]"
# -- estimated wall clock time (execution time): hh:mm -- 
#BSUB -W 24:00 
# -- Number of cores requested -- 
#BSUB -n 12
# -- Specify the distribution of the cores: on a separate nodes --
#BSUB -R "span[hosts=1]"
# Array job: N tasks, one per folder
#BSUB -J folder_job[1-12]
# -- end of LSF options -- 

source /zhome/71/c/146676/miniconda3/bin/activate && conda activate cil5


THRESHOLD="0.5"
SIZE="7"
DECNUM="5"
WNAME="10"
SIGMA="0.3"
ALPHA="100.0"
NUM_PROC="12"

# Export variables to make them available to the Python script
export THRESHOLD
export SIZE
export DECNUM
export WNAME
export SIGMA
export ALPHA
export BETA
export DELTA
export NUM_PROC

# python -c "from reconstructor_NA import recon_FBP_single; recon_FBP_single($LSB_JOBINDEX)"
python -c "from reconstructor_NA import recon_FBP_multi; recon_FBP_multi($LSB_JOBINDEX)"
# python -c "from reconstructor_NA import recon_TV_single; recon_TV_single($LSB_JOBINDEX)"
#python -c "from reconstructor_NA import recon_TV_multi; recon_TV_multi($LSB_JOBINDEX)"


------------------------------------------------------------

Successfully completed.

Resource usage summary:

    CPU time :                                   19.00 sec.
    Max Memory :                                 1346 MB
    Average Memory :                             1098.50 MB
    Total Requested Memory :                     96000.00 MB
    Delta Memory :                               94654.00 MB
    Max Swap :                                   -
    Max Processes :                              4
    Max Threads :                                7
    Run time :                                   262 sec.
    Turnaround time :                            804 sec.

The output (if any) is above this job summary.



PS:

Read file <my_job_error1.log> for stderr output of this job.

Initiating batch FBP reconstruction from saved sinograms
Data loading time: 141.89 seconds
Reconstruction time: 8.30 seconds
Writing time: 98.64 seconds

------------------------------------------------------------
Sender: LSF System <lsfadmin@hpc.dtu.dk>
Subject: Job 23671708[11]: <folder_job[1-12]> in cluster <dcc> Done

Job <folder_job[1-12]> was submitted from host <gbarlogin1> by user <msaca> in cluster <dcc> at Mon Jan 13 18:44:05 2025
Job was executed on host(s) <12*n-62-20-5>, in queue <gpuv100>, as user <msaca> in cluster <dcc> at Mon Jan 13 18:53:19 2025
</zhome/71/c/146676> was used as the home directory.
</zhome/71/c/146676/main> was used as the working directory.
Started at Mon Jan 13 18:53:19 2025
Terminated at Mon Jan 13 18:57:34 2025
Results reported at Mon Jan 13 18:57:34 2025

Your job looked like:

------------------------------------------------------------
# LSBATCH: User input
#!/bin/bash
# embedded options to bsub - start with #BSUB
# -- name ---
#BSUB -J Recon
# -- choose queue --
# For gpu write gpuv100
#BSUB -q gpuv100
#BSUB -e my_job_error1.log
#BSUB -o my_job_output1.log
#BSUB -M 8000
#BSUB -R "rusage[mem=8000]"
# -- estimated wall clock time (execution time): hh:mm -- 
#BSUB -W 24:00 
# -- Number of cores requested -- 
#BSUB -n 12
# -- Specify the distribution of the cores: on a separate nodes --
#BSUB -R "span[hosts=1]"
# Array job: N tasks, one per folder
#BSUB -J folder_job[1-12]
# -- end of LSF options -- 

source /zhome/71/c/146676/miniconda3/bin/activate && conda activate cil5


THRESHOLD="0.5"
SIZE="7"
DECNUM="5"
WNAME="10"
SIGMA="0.3"
ALPHA="100.0"
NUM_PROC="12"

# Export variables to make them available to the Python script
export THRESHOLD
export SIZE
export DECNUM
export WNAME
export SIGMA
export ALPHA
export BETA
export DELTA
export NUM_PROC

# python -c "from reconstructor_NA import recon_FBP_single; recon_FBP_single($LSB_JOBINDEX)"
python -c "from reconstructor_NA import recon_FBP_multi; recon_FBP_multi($LSB_JOBINDEX)"
# python -c "from reconstructor_NA import recon_TV_single; recon_TV_single($LSB_JOBINDEX)"
#python -c "from reconstructor_NA import recon_TV_multi; recon_TV_multi($LSB_JOBINDEX)"


------------------------------------------------------------

Successfully completed.

Resource usage summary:

    CPU time :                                   21.00 sec.
    Max Memory :                                 4795 MB
    Average Memory :                             3655.00 MB
    Total Requested Memory :                     96000.00 MB
    Delta Memory :                               91205.00 MB
    Max Swap :                                   -
    Max Processes :                              4
    Max Threads :                                9
    Run time :                                   255 sec.
    Turnaround time :                            809 sec.

The output (if any) is above this job summary.



PS:

Read file <my_job_error1.log> for stderr output of this job.

Initiating batch TV reconstruction from saved sinograms
Data loading time: 22.34 seconds
Initiating batch TV reconstruction from saved sinograms
Data loading time: 138.90 seconds
Initiating batch TV reconstruction from saved sinograms
Data loading time: 113.11 seconds
Initiating batch TV reconstruction from saved sinograms
Data loading time: 113.85 seconds
Reconstruction time: 2716.81 seconds
Writing time: 66.77 seconds

------------------------------------------------------------
Sender: LSF System <lsfadmin@hpc.dtu.dk>
Subject: Job 23671714[2]: <folder_job[1-12]> in cluster <dcc> Done

Job <folder_job[1-12]> was submitted from host <gbarlogin1> by user <msaca> in cluster <dcc> at Mon Jan 13 18:54:41 2025
Job was executed on host(s) <12*n-62-20-2>, in queue <gpuv100>, as user <msaca> in cluster <dcc> at Mon Jan 13 18:55:22 2025
</zhome/71/c/146676> was used as the home directory.
</zhome/71/c/146676/main> was used as the working directory.
Started at Mon Jan 13 18:55:22 2025
Terminated at Mon Jan 13 19:44:10 2025
Results reported at Mon Jan 13 19:44:10 2025

Your job looked like:

------------------------------------------------------------
# LSBATCH: User input
#!/bin/bash
# embedded options to bsub - start with #BSUB
# -- name ---
#BSUB -J Recon
# -- choose queue --
# For gpu write gpuv100
#BSUB -q gpuv100
#BSUB -e my_job_error1.log
#BSUB -o my_job_output1.log
#BSUB -M 8000
#BSUB -R "rusage[mem=8000]"
# -- estimated wall clock time (execution time): hh:mm -- 
#BSUB -W 24:00 
# -- Number of cores requested -- 
#BSUB -n 12
# -- Specify the distribution of the cores: on a separate nodes --
#BSUB -R "span[hosts=1]"
# Array job: N tasks, one per folder
#BSUB -J folder_job[1-12]
# -- end of LSF options -- 

source /zhome/71/c/146676/miniconda3/bin/activate && conda activate cil5


THRESHOLD="0.5"
SIZE="7"
DECNUM="5"
WNAME="10"
SIGMA="0.3"
ALPHA="100.0"
NUM_PROC="12"

# Export variables to make them available to the Python script
export THRESHOLD
export SIZE
export DECNUM
export WNAME
export SIGMA
export ALPHA
export BETA
export DELTA
export NUM_PROC

# python -c "from reconstructor_NA import recon_FBP_single; recon_FBP_single($LSB_JOBINDEX)"
# python -c "from reconstructor_NA import recon_FBP_multi; recon_FBP_multi($LSB_JOBINDEX)"
# python -c "from reconstructor_NA import recon_TV_single; recon_TV_single($LSB_JOBINDEX)"
python -c "from reconstructor_NA import recon_TV_multi; recon_TV_multi($LSB_JOBINDEX)"


------------------------------------------------------------

Successfully completed.

Resource usage summary:

    CPU time :                                   3193.00 sec.
    Max Memory :                                 15261 MB
    Average Memory :                             12940.32 MB
    Total Requested Memory :                     96000.00 MB
    Delta Memory :                               80739.00 MB
    Max Swap :                                   -
    Max Processes :                              4
    Max Threads :                                21
    Run time :                                   2928 sec.
    Turnaround time :                            2969 sec.

The output (if any) is above this job summary.



PS:

Read file <my_job_error1.log> for stderr output of this job.

Reconstruction time: 2707.92 seconds
Writing time: 76.73 seconds

------------------------------------------------------------
Sender: LSF System <lsfadmin@hpc.dtu.dk>
Subject: Job 23671714[4]: <folder_job[1-12]> in cluster <dcc> Done

Job <folder_job[1-12]> was submitted from host <gbarlogin1> by user <msaca> in cluster <dcc> at Mon Jan 13 18:54:41 2025
Job was executed on host(s) <12*n-62-20-5>, in queue <gpuv100>, as user <msaca> in cluster <dcc> at Mon Jan 13 18:57:35 2025
</zhome/71/c/146676> was used as the home directory.
</zhome/71/c/146676/main> was used as the working directory.
Started at Mon Jan 13 18:57:35 2025
Terminated at Mon Jan 13 19:46:00 2025
Results reported at Mon Jan 13 19:46:00 2025

Your job looked like:

------------------------------------------------------------
# LSBATCH: User input
#!/bin/bash
# embedded options to bsub - start with #BSUB
# -- name ---
#BSUB -J Recon
# -- choose queue --
# For gpu write gpuv100
#BSUB -q gpuv100
#BSUB -e my_job_error1.log
#BSUB -o my_job_output1.log
#BSUB -M 8000
#BSUB -R "rusage[mem=8000]"
# -- estimated wall clock time (execution time): hh:mm -- 
#BSUB -W 24:00 
# -- Number of cores requested -- 
#BSUB -n 12
# -- Specify the distribution of the cores: on a separate nodes --
#BSUB -R "span[hosts=1]"
# Array job: N tasks, one per folder
#BSUB -J folder_job[1-12]
# -- end of LSF options -- 

source /zhome/71/c/146676/miniconda3/bin/activate && conda activate cil5


THRESHOLD="0.5"
SIZE="7"
DECNUM="5"
WNAME="10"
SIGMA="0.3"
ALPHA="100.0"
NUM_PROC="12"

# Export variables to make them available to the Python script
export THRESHOLD
export SIZE
export DECNUM
export WNAME
export SIGMA
export ALPHA
export BETA
export DELTA
export NUM_PROC

# python -c "from reconstructor_NA import recon_FBP_single; recon_FBP_single($LSB_JOBINDEX)"
# python -c "from reconstructor_NA import recon_FBP_multi; recon_FBP_multi($LSB_JOBINDEX)"
# python -c "from reconstructor_NA import recon_TV_single; recon_TV_single($LSB_JOBINDEX)"
python -c "from reconstructor_NA import recon_TV_multi; recon_TV_multi($LSB_JOBINDEX)"


------------------------------------------------------------

Successfully completed.

Resource usage summary:

    CPU time :                                   3146.00 sec.
    Max Memory :                                 17347 MB
    Average Memory :                             13667.86 MB
    Total Requested Memory :                     96000.00 MB
    Delta Memory :                               78653.00 MB
    Max Swap :                                   -
    Max Processes :                              4
    Max Threads :                                21
    Run time :                                   2906 sec.
    Turnaround time :                            3079 sec.

The output (if any) is above this job summary.



PS:

Read file <my_job_error1.log> for stderr output of this job.

Reconstruction time: 2738.82 seconds
Writing time: 75.72 seconds

------------------------------------------------------------
Sender: LSF System <lsfadmin@hpc.dtu.dk>
Subject: Job 23671714[3]: <folder_job[1-12]> in cluster <dcc> Done

Job <folder_job[1-12]> was submitted from host <gbarlogin1> by user <msaca> in cluster <dcc> at Mon Jan 13 18:54:41 2025
Job was executed on host(s) <12*n-62-20-3>, in queue <gpuv100>, as user <msaca> in cluster <dcc> at Mon Jan 13 18:57:29 2025
</zhome/71/c/146676> was used as the home directory.
</zhome/71/c/146676/main> was used as the working directory.
Started at Mon Jan 13 18:57:29 2025
Terminated at Mon Jan 13 19:46:22 2025
Results reported at Mon Jan 13 19:46:22 2025

Your job looked like:

------------------------------------------------------------
# LSBATCH: User input
#!/bin/bash
# embedded options to bsub - start with #BSUB
# -- name ---
#BSUB -J Recon
# -- choose queue --
# For gpu write gpuv100
#BSUB -q gpuv100
#BSUB -e my_job_error1.log
#BSUB -o my_job_output1.log
#BSUB -M 8000
#BSUB -R "rusage[mem=8000]"
# -- estimated wall clock time (execution time): hh:mm -- 
#BSUB -W 24:00 
# -- Number of cores requested -- 
#BSUB -n 12
# -- Specify the distribution of the cores: on a separate nodes --
#BSUB -R "span[hosts=1]"
# Array job: N tasks, one per folder
#BSUB -J folder_job[1-12]
# -- end of LSF options -- 

source /zhome/71/c/146676/miniconda3/bin/activate && conda activate cil5


THRESHOLD="0.5"
SIZE="7"
DECNUM="5"
WNAME="10"
SIGMA="0.3"
ALPHA="100.0"
NUM_PROC="12"

# Export variables to make them available to the Python script
export THRESHOLD
export SIZE
export DECNUM
export WNAME
export SIGMA
export ALPHA
export BETA
export DELTA
export NUM_PROC

# python -c "from reconstructor_NA import recon_FBP_single; recon_FBP_single($LSB_JOBINDEX)"
# python -c "from reconstructor_NA import recon_FBP_multi; recon_FBP_multi($LSB_JOBINDEX)"
# python -c "from reconstructor_NA import recon_TV_single; recon_TV_single($LSB_JOBINDEX)"
python -c "from reconstructor_NA import recon_TV_multi; recon_TV_multi($LSB_JOBINDEX)"


------------------------------------------------------------

Successfully completed.

Resource usage summary:

    CPU time :                                   3204.00 sec.
    Max Memory :                                 17347 MB
    Average Memory :                             14025.45 MB
    Total Requested Memory :                     96000.00 MB
    Delta Memory :                               78653.00 MB
    Max Swap :                                   -
    Max Processes :                              4
    Max Threads :                                21
    Run time :                                   2933 sec.
    Turnaround time :                            3101 sec.

The output (if any) is above this job summary.



PS:

Read file <my_job_error1.log> for stderr output of this job.

Initiating batch TV reconstruction from saved sinograms
Data loading time: 120.15 seconds
Initiating batch TV reconstruction from saved sinograms
Data loading time: 114.17 seconds
---------------------------
Sender: LSF System <lsfadmin@hpc.dtu.dk>
Subject: Job 23671714[7]: <folder_job[1-12]> in cluster <dcc> Exited

Job <folder_job[1-12]> was submitted from host <gbarlogin1> by user <msaca> in cluster <dcc> at Mon Jan 13 18:54:41 2025
Job was executed on host(s) <12*n-62-20-3>, in queue <gpuv100>, as user <msaca> in cluster <dcc> at Mon Jan 13 19:46:24 2025
</zhome/71/c/146676> was used as the home directory.
</zhome/71/c/146676/main> was used as the working directory.
Started at Mon Jan 13 19:46:24 2025
Terminated at Mon Jan 13 19:48:16 2025
Results reported at Mon Jan 13 19:48:16 2025

Your job looked like:

------------------------------------------------------------
# LSBATCH: User input
#!/bin/bash
# embedded options to bsub - start with #BSUB
# -- name ---
#BSUB -J Recon
# -- choose queue --
# For gpu write gpuv100
#BSUB -q gpuv100
#BSUB -e my_job_error1.log
#BSUB -o my_job_output1.log
#BSUB -M 8000
#BSUB -R "rusage[mem=8000]"
# -- estimated wall clock time (execution time): hh:mm -- 
#BSUB -W 24:00 
# -- Number of cores requested -- 
#BSUB -n 12
# -- Specify the distribution of the cores: on a separate nodes --
#BSUB -R "span[hosts=1]"
# Array job: N tasks, one per folder
#BSUB -J folder_job[1-12]
# -- end of LSF options -- 

source /zhome/71/c/146676/miniconda3/bin/activate && conda activate cil5


THRESHOLD="0.5"
SIZE="7"
DECNUM="5"
WNAME="10"
SIGMA="0.3"
ALPHA="100.0"
NUM_PROC="12"

# Export variables to make them available to the Python script
export THRESHOLD
export SIZE
export DECNUM
export WNAME
export SIGMA
export ALPHA
export BETA
export DELTA
export NUM_PROC

# python -c "from reconstructor_NA import recon_FBP_single; recon_FBP_single($LSB_JOBINDEX)"
# python -c "from reconstructor_NA import recon_FBP_multi; recon_FBP_multi($LSB_JOBINDEX)"
# python -c "from reconstructor_NA import recon_TV_single; recon_TV_single($LSB_JOBINDEX)"
python -c "from reconstructor_NA import recon_TV_multi; recon_TV_multi($LSB_JOBINDEX)"


------------------------------------------------------------

TERM_OWNER: job killed by owner.
Exited with exit code 130.

Resource usage summary:

    CPU time :                                   4.00 sec.
    Max Memory :                                 1226 MB
    Average Memory :                             896.33 MB
    Total Requested Memory :                     96000.00 MB
    Delta Memory :                               94774.00 MB
    Max Swap :                                   -
    Max Processes :                              4
    Max Threads :                                7
    Run time :                                   114 sec.
    Turnaround time :                            3215 sec.

The output (if any) is above this job summary.



PS:

Read file <my_job_error1.log> for stderr output of this job.


------------------------------------------------------------
Sender: LSF System <lsfadmin@hpc.dtu.dk>
Subject: Job 23671714[6]: <folder_job[1-12]> in cluster <dcc> Exited

Job <folder_job[1-12]> was submitted from host <gbarlogin1> by user <msaca> in cluster <dcc> at Mon Jan 13 18:54:41 2025
Job was executed on host(s) <12*n-62-20-2>, in queue <gpuv100>, as user <msaca> in cluster <dcc> at Mon Jan 13 19:46:01 2025
</zhome/71/c/146676> was used as the home directory.
</zhome/71/c/146676/main> was used as the working directory.
Started at Mon Jan 13 19:46:01 2025
Terminated at Mon Jan 13 19:48:16 2025
Results reported at Mon Jan 13 19:48:16 2025

Your job looked like:

------------------------------------------------------------
# LSBATCH: User input
#!/bin/bash
# embedded options to bsub - start with #BSUB
# -- name ---
#BSUB -J Recon
# -- choose queue --
# For gpu write gpuv100
#BSUB -q gpuv100
#BSUB -e my_job_error1.log
#BSUB -o my_job_output1.log
#BSUB -M 8000
#BSUB -R "rusage[mem=8000]"
# -- estimated wall clock time (execution time): hh:mm -- 
#BSUB -W 24:00 
# -- Number of cores requested -- 
#BSUB -n 12
# -- Specify the distribution of the cores: on a separate nodes --
#BSUB -R "span[hosts=1]"
# Array job: N tasks, one per folder
#BSUB -J folder_job[1-12]
# -- end of LSF options -- 

source /zhome/71/c/146676/miniconda3/bin/activate && conda activate cil5


THRESHOLD="0.5"
SIZE="7"
DECNUM="5"
WNAME="10"
SIGMA="0.3"
ALPHA="100.0"
NUM_PROC="12"

# Export variables to make them available to the Python script
export THRESHOLD
export SIZE
export DECNUM
export WNAME
export SIGMA
export ALPHA
export BETA
export DELTA
export NUM_PROC

# python -c "from reconstructor_NA import recon_FBP_single; recon_FBP_single($LSB_JOBINDEX)"
# python -c "from reconstructor_NA import recon_FBP_multi; recon_FBP_multi($LSB_JOBINDEX)"
# python -c "from reconstructor_NA import recon_TV_single; recon_TV_single($LSB_JOBINDEX)"
python -c "from reconstructor_NA import recon_TV_multi; recon_TV_multi($LSB_JOBINDEX)"


------------------------------------------------------------

TERM_OWNER: job killed by owner.
Exited with exit code 130.

Resource usage summary:

    CPU time :                                   25.00 sec.
    Max Memory :                                 16075 MB
    Average Memory :                             10810.00 MB
    Total Requested Memory :                     96000.00 MB
    Delta Memory :                               79925.00 MB
    Max Swap :                                   -
    Max Processes :                              4
    Max Threads :                                9
    Run time :                                   168 sec.
    Turnaround time :                            3215 sec.

The output (if any) is above this job summary.



PS:

Read file <my_job_error1.log> for stderr output of this job.


------------------------------------------------------------
Sender: LSF System <lsfadmin@hpc.dtu.dk>
Subject: Job 23671714[1]: <folder_job[1-12]> in cluster <dcc> Exited

Job <folder_job[1-12]> was submitted from host <gbarlogin1> by user <msaca> in cluster <dcc> at Mon Jan 13 18:54:41 2025
Job was executed on host(s) <12*n-62-20-13>, in queue <gpuv100>, as user <msaca> in cluster <dcc> at Mon Jan 13 18:55:18 2025
</zhome/71/c/146676> was used as the home directory.
</zhome/71/c/146676/main> was used as the working directory.
Started at Mon Jan 13 18:55:18 2025
Terminated at Mon Jan 13 19:48:16 2025
Results reported at Mon Jan 13 19:48:16 2025

Your job looked like:

------------------------------------------------------------
# LSBATCH: User input
#!/bin/bash
# embedded options to bsub - start with #BSUB
# -- name ---
#BSUB -J Recon
# -- choose queue --
# For gpu write gpuv100
#BSUB -q gpuv100
#BSUB -e my_job_error1.log
#BSUB -o my_job_output1.log
#BSUB -M 8000
#BSUB -R "rusage[mem=8000]"
# -- estimated wall clock time (execution time): hh:mm -- 
#BSUB -W 24:00 
# -- Number of cores requested -- 
#BSUB -n 12
# -- Specify the distribution of the cores: on a separate nodes --
#BSUB -R "span[hosts=1]"
# Array job: N tasks, one per folder
#BSUB -J folder_job[1-12]
# -- end of LSF options -- 

source /zhome/71/c/146676/miniconda3/bin/activate && conda activate cil5


THRESHOLD="0.5"
SIZE="7"
DECNUM="5"
WNAME="10"
SIGMA="0.3"
ALPHA="100.0"
NUM_PROC="12"

# Export variables to make them available to the Python script
export THRESHOLD
export SIZE
export DECNUM
export WNAME
export SIGMA
export ALPHA
export BETA
export DELTA
export NUM_PROC

# python -c "from reconstructor_NA import recon_FBP_single; recon_FBP_single($LSB_JOBINDEX)"
# python -c "from reconstructor_NA import recon_FBP_multi; recon_FBP_multi($LSB_JOBINDEX)"
# python -c "from reconstructor_NA import recon_TV_single; recon_TV_single($LSB_JOBINDEX)"
python -c "from reconstructor_NA import recon_TV_multi; recon_TV_multi($LSB_JOBINDEX)"


------------------------------------------------------------

TERM_OWNER: job killed by owner.
Exited with exit code 130.

Resource usage summary:

    CPU time :                                   3533.00 sec.
    Max Memory :                                 17347 MB
    Average Memory :                             13755.87 MB
    Total Requested Memory :                     96000.00 MB
    Delta Memory :                               78653.00 MB
    Max Swap :                                   -
    Max Processes :                              4
    Max Threads :                                21
    Run time :                                   3178 sec.
    Turnaround time :                            3215 sec.

The output (if any) is above this job summary.



PS:

Read file <my_job_error1.log> for stderr output of this job.


------------------------------------------------------------
Sender: LSF System <lsfadmin@hpc.dtu.dk>
Subject: Job 23671714[5]: <folder_job[1-12]> in cluster <dcc> Exited

Job <folder_job[1-12]> was submitted from host <gbarlogin1> by user <msaca> in cluster <dcc> at Mon Jan 13 18:54:41 2025
Job was executed on host(s) <12*n-62-20-16>, in queue <gpuv100>, as user <msaca> in cluster <dcc> at Mon Jan 13 19:44:10 2025
</zhome/71/c/146676> was used as the home directory.
</zhome/71/c/146676/main> was used as the working directory.
Started at Mon Jan 13 19:44:10 2025
Terminated at Mon Jan 13 19:48:16 2025
Results reported at Mon Jan 13 19:48:16 2025

Your job looked like:

------------------------------------------------------------
# LSBATCH: User input
#!/bin/bash
# embedded options to bsub - start with #BSUB
# -- name ---
#BSUB -J Recon
# -- choose queue --
# For gpu write gpuv100
#BSUB -q gpuv100
#BSUB -e my_job_error1.log
#BSUB -o my_job_output1.log
#BSUB -M 8000
#BSUB -R "rusage[mem=8000]"
# -- estimated wall clock time (execution time): hh:mm -- 
#BSUB -W 24:00 
# -- Number of cores requested -- 
#BSUB -n 12
# -- Specify the distribution of the cores: on a separate nodes --
#BSUB -R "span[hosts=1]"
# Array job: N tasks, one per folder
#BSUB -J folder_job[1-12]
# -- end of LSF options -- 

source /zhome/71/c/146676/miniconda3/bin/activate && conda activate cil5


THRESHOLD="0.5"
SIZE="7"
DECNUM="5"
WNAME="10"
SIGMA="0.3"
ALPHA="100.0"
NUM_PROC="12"

# Export variables to make them available to the Python script
export THRESHOLD
export SIZE
export DECNUM
export WNAME
export SIGMA
export ALPHA
export BETA
export DELTA
export NUM_PROC

# python -c "from reconstructor_NA import recon_FBP_single; recon_FBP_single($LSB_JOBINDEX)"
# python -c "from reconstructor_NA import recon_FBP_multi; recon_FBP_multi($LSB_JOBINDEX)"
# python -c "from reconstructor_NA import recon_TV_single; recon_TV_single($LSB_JOBINDEX)"
python -c "from reconstructor_NA import recon_TV_multi; recon_TV_multi($LSB_JOBINDEX)"


------------------------------------------------------------

TERM_OWNER: job killed by owner.
Exited with exit code 130.

Resource usage summary:

    CPU time :                                   134.00 sec.
    Max Memory :                                 17352 MB
    Average Memory :                             12028.75 MB
    Total Requested Memory :                     96000.00 MB
    Delta Memory :                               78648.00 MB
    Max Swap :                                   -
    Max Processes :                              4
    Max Threads :                                10
    Run time :                                   313 sec.
    Turnaround time :                            3215 sec.

The output (if any) is above this job summary.



PS:

Read file <my_job_error1.log> for stderr output of this job.

Initiating batch TV reconstruction from saved sinograms
Data loading time: 3.51 seconds
Initiating batch TV reconstruction from saved sinograms
Data loading time: 3.25 seconds
Reconstruction time: 98.72 seconds
Writing time: 11.04 seconds

------------------------------------------------------------
Sender: LSF System <lsfadmin@hpc.dtu.dk>
Subject: Job 23674213[1]: <folder_job[1-100]> in cluster <dcc> Done

Job <folder_job[1-100]> was submitted from host <gbarlogin1> by user <msaca> in cluster <dcc> at Mon Jan 13 19:48:53 2025
Job was executed on host(s) <4*n-62-20-2>, in queue <gpuv100>, as user <msaca> in cluster <dcc> at Mon Jan 13 19:48:55 2025
</zhome/71/c/146676> was used as the home directory.
</zhome/71/c/146676/main> was used as the working directory.
Started at Mon Jan 13 19:48:55 2025
Terminated at Mon Jan 13 19:50:52 2025
Results reported at Mon Jan 13 19:50:52 2025

Your job looked like:

------------------------------------------------------------
# LSBATCH: User input
#!/bin/bash
# embedded options to bsub - start with #BSUB
# -- name ---
#BSUB -J Recon
# -- choose queue --
# For gpu write gpuv100
#BSUB -q gpuv100
#BSUB -gpu "num=1"
#BSUB -e my_job_error1.log
#BSUB -o my_job_output1.log
#BSUB -M 16000
#BSUB -R "rusage[mem=16000]"
# -- estimated wall clock time (execution time): hh:mm -- 
#BSUB -W 24:00 
# -- Number of cores requested -- 
#BSUB -n 4
# -- Specify the distribution of the cores: on a separate nodes --
#BSUB -R "span[hosts=1]"
# Array job: N tasks, one per folder
#BSUB -J folder_job[1-100]
# -- end of LSF options -- 

source /zhome/71/c/146676/miniconda3/bin/activate && conda activate cil5


THRESHOLD="0.5"
SIZE="7"
DECNUM="5"
WNAME="10"
SIGMA="0.3"
ALPHA="100.0"
NUM_PROC="100"

# Export variables to make them available to the Python script
export THRESHOLD
export SIZE
export DECNUM
export WNAME
export SIGMA
export ALPHA
export BETA
export DELTA
export NUM_PROC

# python -c "from reconstructor_NA import recon_FBP_single; recon_FBP_single($LSB_JOBINDEX)"
# python -c "from reconstructor_NA import recon_FBP_multi; recon_FBP_multi($LSB_JOBINDEX)"
# python -c "from reconstructor_NA import recon_TV_single; recon_TV_single($LSB_JOBINDEX)"
python -c "from reconstructor_NA import recon_TV_multi; recon_TV_multi($LSB_JOBINDEX)"


------------------------------------------------------------

Successfully completed.

Resource usage summary:

    CPU time :                                   110.00 sec.
    Max Memory :                                 1880 MB
    Average Memory :                             1880.00 MB
    Total Requested Memory :                     64000.00 MB
    Delta Memory :                               62120.00 MB
    Max Swap :                                   -
    Max Processes :                              4
    Max Threads :                                21
    Run time :                                   147 sec.
    Turnaround time :                            119 sec.

The output (if any) is above this job summary.



PS:

Read file <my_job_error1.log> for stderr output of this job.

Reconstruction time: 99.49 seconds
Writing time: 10.77 seconds

------------------------------------------------------------
Sender: LSF System <lsfadmin@hpc.dtu.dk>
Subject: Job 23674213[2]: <folder_job[1-100]> in cluster <dcc> Done

Job <folder_job[1-100]> was submitted from host <gbarlogin1> by user <msaca> in cluster <dcc> at Mon Jan 13 19:48:53 2025
Job was executed on host(s) <4*n-62-20-3>, in queue <gpuv100>, as user <msaca> in cluster <dcc> at Mon Jan 13 19:48:55 2025
</zhome/71/c/146676> was used as the home directory.
</zhome/71/c/146676/main> was used as the working directory.
Started at Mon Jan 13 19:48:55 2025
Terminated at Mon Jan 13 19:50:53 2025
Results reported at Mon Jan 13 19:50:53 2025

Your job looked like:

------------------------------------------------------------
# LSBATCH: User input
#!/bin/bash
# embedded options to bsub - start with #BSUB
# -- name ---
#BSUB -J Recon
# -- choose queue --
# For gpu write gpuv100
#BSUB -q gpuv100
#BSUB -gpu "num=1"
#BSUB -e my_job_error1.log
#BSUB -o my_job_output1.log
#BSUB -M 16000
#BSUB -R "rusage[mem=16000]"
# -- estimated wall clock time (execution time): hh:mm -- 
#BSUB -W 24:00 
# -- Number of cores requested -- 
#BSUB -n 4
# -- Specify the distribution of the cores: on a separate nodes --
#BSUB -R "span[hosts=1]"
# Array job: N tasks, one per folder
#BSUB -J folder_job[1-100]
# -- end of LSF options -- 

source /zhome/71/c/146676/miniconda3/bin/activate && conda activate cil5


THRESHOLD="0.5"
SIZE="7"
DECNUM="5"
WNAME="10"
SIGMA="0.3"
ALPHA="100.0"
NUM_PROC="100"

# Export variables to make them available to the Python script
export THRESHOLD
export SIZE
export DECNUM
export WNAME
export SIGMA
export ALPHA
export BETA
export DELTA
export NUM_PROC

# python -c "from reconstructor_NA import recon_FBP_single; recon_FBP_single($LSB_JOBINDEX)"
# python -c "from reconstructor_NA import recon_FBP_multi; recon_FBP_multi($LSB_JOBINDEX)"
# python -c "from reconstructor_NA import recon_TV_single; recon_TV_single($LSB_JOBINDEX)"
python -c "from reconstructor_NA import recon_TV_multi; recon_TV_multi($LSB_JOBINDEX)"


------------------------------------------------------------

Successfully completed.

Resource usage summary:

    CPU time :                                   111.00 sec.
    Max Memory :                                 2283 MB
    Average Memory :                             1991.67 MB
    Total Requested Memory :                     64000.00 MB
    Delta Memory :                               61717.00 MB
    Max Swap :                                   -
    Max Processes :                              4
    Max Threads :                                21
    Run time :                                   148 sec.
    Turnaround time :                            120 sec.

The output (if any) is above this job summary.



PS:

Read file <my_job_error1.log> for stderr output of this job.

Reconstruction time: 98.28 seconds
Writing time: 11.42 seconds
Reconstruction time: 99.03 seconds
Writing time: 10.98 seconds

------------------------------------------------------------
Sender: LSF System <lsfadmin@hpc.dtu.dk>
Subject: Job 23674213[4]: <folder_job[1-100]> in cluster <dcc> Done

Job <folder_job[1-100]> was submitted from host <gbarlogin1> by user <msaca> in cluster <dcc> at Mon Jan 13 19:48:53 2025
Job was executed on host(s) <4*n-62-20-5>, in queue <gpuv100>, as user <msaca> in cluster <dcc> at Mon Jan 13 19:48:55 2025
</zhome/71/c/146676> was used as the home directory.
</zhome/71/c/146676/main> was used as the working directory.
Started at Mon Jan 13 19:48:55 2025
Terminated at Mon Jan 13 19:50:54 2025
Results reported at Mon Jan 13 19:50:54 2025

Your job looked like:

------------------------------------------------------------
# LSBATCH: User input
#!/bin/bash
# embedded options to bsub - start with #BSUB
# -- name ---
#BSUB -J Recon
# -- choose queue --
# For gpu write gpuv100
#BSUB -q gpuv100
#BSUB -gpu "num=1"
#BSUB -e my_job_error1.log
#BSUB -o my_job_output1.log
#BSUB -M 16000
#BSUB -R "rusage[mem=16000]"
# -- estimated wall clock time (execution time): hh:mm -- 
#BSUB -W 24:00 
# -- Number of cores requested -- 
#BSUB -n 4
# -- Specify the distribution of the cores: on a separate nodes --
#BSUB -R "span[hosts=1]"
# Array job: N tasks, one per folder
#BSUB -J folder_job[1-100]
# -- end of LSF options -- 

source /zhome/71/c/146676/miniconda3/bin/activate && conda activate cil5


THRESHOLD="0.5"
SIZE="7"
DECNUM="5"
WNAME="10"
SIGMA="0.3"
ALPHA="100.0"
NUM_PROC="100"

# Export variables to make them available to the Python script
export THRESHOLD
export SIZE
export DECNUM
export WNAME
export SIGMA
export ALPHA
export BETA
export DELTA
export NUM_PROC

# python -c "from reconstructor_NA import recon_FBP_single; recon_FBP_single($LSB_JOBINDEX)"
# python -c "from reconstructor_NA import recon_FBP_multi; recon_FBP_multi($LSB_JOBINDEX)"
# python -c "from reconstructor_NA import recon_TV_single; recon_TV_single($LSB_JOBINDEX)"
python -c "from reconstructor_NA import recon_TV_multi; recon_TV_multi($LSB_JOBINDEX)"


------------------------------------------------------------

Successfully completed.

Resource usage summary:

    CPU time :                                   111.00 sec.
    Max Memory :                                 1878 MB
    Average Memory :                             1878.00 MB
    Total Requested Memory :                     64000.00 MB
    Delta Memory :                               62122.00 MB
    Max Swap :                                   -
    Max Processes :                              4
    Max Threads :                                21
    Run time :                                   227 sec.
    Turnaround time :                            121 sec.

The output (if any) is above this job summary.



PS:

Read file <my_job_error1.log> for stderr output of this job.


------------------------------------------------------------
Sender: LSF System <lsfadmin@hpc.dtu.dk>
Subject: Job 23674213[3]: <folder_job[1-100]> in cluster <dcc> Done

Job <folder_job[1-100]> was submitted from host <gbarlogin1> by user <msaca> in cluster <dcc> at Mon Jan 13 19:48:53 2025
Job was executed on host(s) <4*n-62-20-5>, in queue <gpuv100>, as user <msaca> in cluster <dcc> at Mon Jan 13 19:48:55 2025
</zhome/71/c/146676> was used as the home directory.
</zhome/71/c/146676/main> was used as the working directory.
Started at Mon Jan 13 19:48:55 2025
Terminated at Mon Jan 13 19:50:54 2025
Results reported at Mon Jan 13 19:50:54 2025

Your job looked like:

------------------------------------------------------------
# LSBATCH: User input
#!/bin/bash
# embedded options to bsub - start with #BSUB
# -- name ---
#BSUB -J Recon
# -- choose queue --
# For gpu write gpuv100
#BSUB -q gpuv100
#BSUB -gpu "num=1"
#BSUB -e my_job_error1.log
#BSUB -o my_job_output1.log
#BSUB -M 16000
#BSUB -R "rusage[mem=16000]"
# -- estimated wall clock time (execution time): hh:mm -- 
#BSUB -W 24:00 
# -- Number of cores requested -- 
#BSUB -n 4
# -- Specify the distribution of the cores: on a separate nodes --
#BSUB -R "span[hosts=1]"
# Array job: N tasks, one per folder
#BSUB -J folder_job[1-100]
# -- end of LSF options -- 

source /zhome/71/c/146676/miniconda3/bin/activate && conda activate cil5


THRESHOLD="0.5"
SIZE="7"
DECNUM="5"
WNAME="10"
SIGMA="0.3"
ALPHA="100.0"
NUM_PROC="100"

# Export variables to make them available to the Python script
export THRESHOLD
export SIZE
export DECNUM
export WNAME
export SIGMA
export ALPHA
export BETA
export DELTA
export NUM_PROC

# python -c "from reconstructor_NA import recon_FBP_single; recon_FBP_single($LSB_JOBINDEX)"
# python -c "from reconstructor_NA import recon_FBP_multi; recon_FBP_multi($LSB_JOBINDEX)"
# python -c "from reconstructor_NA import recon_TV_single; recon_TV_single($LSB_JOBINDEX)"
python -c "from reconstructor_NA import recon_TV_multi; recon_TV_multi($LSB_JOBINDEX)"


------------------------------------------------------------

Successfully completed.

Resource usage summary:

    CPU time :                                   112.00 sec.
    Max Memory :                                 1882 MB
    Average Memory :                             619.00 MB
    Total Requested Memory :                     64000.00 MB
    Delta Memory :                               62118.00 MB
    Max Swap :                                   -
    Max Processes :                              4
    Max Threads :                                21
    Run time :                                   227 sec.
    Turnaround time :                            121 sec.

The output (if any) is above this job summary.



PS:

Read file <my_job_error1.log> for stderr output of this job.

                                                                                        Initiating batch TV reconstruction from saved sinograms
Data loading time: 3.49 seconds
Initiating batch TV reconstruction from saved sinograms
Data loading time: 3.77 seconds
Reconstruction time: 98.13 seconds
Writing time: 12.77 seconds

------------------------------------------------------------
Sender: LSF System <lsfadmin@hpc.dtu.dk>
Subject: Job 23674213[6]: <folder_job[1-100]> in cluster <dcc> Done

Job <folder_job[1-100]> was submitted from host <gbarlogin1> by user <msaca> in cluster <dcc> at Mon Jan 13 19:48:53 2025
Job was executed on host(s) <4*n-62-20-3>, in queue <gpuv100>, as user <msaca> in cluster <dcc> at Mon Jan 13 19:50:53 2025
</zhome/71/c/146676> was used as the home directory.
</zhome/71/c/146676/main> was used as the working directory.
Started at Mon Jan 13 19:50:53 2025
Terminated at Mon Jan 13 19:52:52 2025
Results reported at Mon Jan 13 19:52:52 2025

Your job looked like:

------------------------------------------------------------
# LSBATCH: User input
#!/bin/bash
# embedded options to bsub - start with #BSUB
# -- name ---
#BSUB -J Recon
# -- choose queue --
# For gpu write gpuv100
#BSUB -q gpuv100
#BSUB -gpu "num=1"
#BSUB -e my_job_error1.log
#BSUB -o my_job_output1.log
#BSUB -M 16000
#BSUB -R "rusage[mem=16000]"
# -- estimated wall clock time (execution time): hh:mm -- 
#BSUB -W 24:00 
# -- Number of cores requested -- 
#BSUB -n 4
# -- Specify the distribution of the cores: on a separate nodes --
#BSUB -R "span[hosts=1]"
# Array job: N tasks, one per folder
#BSUB -J folder_job[1-100]
# -- end of LSF options -- 

source /zhome/71/c/146676/miniconda3/bin/activate && conda activate cil5


THRESHOLD="0.5"
SIZE="7"
DECNUM="5"
WNAME="10"
SIGMA="0.3"
ALPHA="100.0"
NUM_PROC="100"

# Export variables to make them available to the Python script
export THRESHOLD
export SIZE
export DECNUM
export WNAME
export SIGMA
export ALPHA
export BETA
export DELTA
export NUM_PROC

# python -c "from reconstructor_NA import recon_FBP_single; recon_FBP_single($LSB_JOBINDEX)"
# python -c "from reconstructor_NA import recon_FBP_multi; recon_FBP_multi($LSB_JOBINDEX)"
# python -c "from reconstructor_NA import recon_TV_single; recon_TV_single($LSB_JOBINDEX)"
python -c "from reconstructor_NA import recon_TV_multi; recon_TV_multi($LSB_JOBINDEX)"


------------------------------------------------------------

Successfully completed.

Resource usage summary:

    CPU time :                                   110.00 sec.
    Max Memory :                                 2285 MB
    Average Memory :                             2285.00 MB
    Total Requested Memory :                     64000.00 MB
    Delta Memory :                               61715.00 MB
    Max Swap :                                   -
    Max Processes :                              4
    Max Threads :                                9
    Run time :                                   119 sec.
    Turnaround time :                            239 sec.

The output (if any) is above this job summary.



PS:

Read file <my_job_error1.log> for stderr output of this job.

Reconstruction time: 98.67 seconds
Writing time: 12.56 seconds

------------------------------------------------------------
Sender: LSF System <lsfadmin@hpc.dtu.dk>
Subject: Job 23674213[5]: <folder_job[1-100]> in cluster <dcc> Done

Job <folder_job[1-100]> was submitted from host <gbarlogin1> by user <msaca> in cluster <dcc> at Mon Jan 13 19:48:53 2025
Job was executed on host(s) <4*n-62-20-2>, in queue <gpuv100>, as user <msaca> in cluster <dcc> at Mon Jan 13 19:50:53 2025
</zhome/71/c/146676> was used as the home directory.
</zhome/71/c/146676/main> was used as the working directory.
Started at Mon Jan 13 19:50:53 2025
Terminated at Mon Jan 13 19:52:53 2025
Results reported at Mon Jan 13 19:52:53 2025

Your job looked like:

------------------------------------------------------------
# LSBATCH: User input
#!/bin/bash
# embedded options to bsub - start with #BSUB
# -- name ---
#BSUB -J Recon
# -- choose queue --
# For gpu write gpuv100
#BSUB -q gpuv100
#BSUB -gpu "num=1"
#BSUB -e my_job_error1.log
#BSUB -o my_job_output1.log
#BSUB -M 16000
#BSUB -R "rusage[mem=16000]"
# -- estimated wall clock time (execution time): hh:mm -- 
#BSUB -W 24:00 
# -- Number of cores requested -- 
#BSUB -n 4
# -- Specify the distribution of the cores: on a separate nodes --
#BSUB -R "span[hosts=1]"
# Array job: N tasks, one per folder
#BSUB -J folder_job[1-100]
# -- end of LSF options -- 

source /zhome/71/c/146676/miniconda3/bin/activate && conda activate cil5


THRESHOLD="0.5"
SIZE="7"
DECNUM="5"
WNAME="10"
SIGMA="0.3"
ALPHA="100.0"
NUM_PROC="100"

# Export variables to make them available to the Python script
export THRESHOLD
export SIZE
export DECNUM
export WNAME
export SIGMA
export ALPHA
export BETA
export DELTA
export NUM_PROC

# python -c "from reconstructor_NA import recon_FBP_single; recon_FBP_single($LSB_JOBINDEX)"
# python -c "from reconstructor_NA import recon_FBP_multi; recon_FBP_multi($LSB_JOBINDEX)"
# python -c "from reconstructor_NA import recon_TV_single; recon_TV_single($LSB_JOBINDEX)"
python -c "from reconstructor_NA import recon_TV_multi; recon_TV_multi($LSB_JOBINDEX)"


------------------------------------------------------------

Successfully completed.

Resource usage summary:

    CPU time :                                   110.00 sec.
    Max Memory :                                 2140 MB
    Average Memory :                             2140.00 MB
    Total Requested Memory :                     64000.00 MB
    Delta Memory :                               61860.00 MB
    Max Swap :                                   -
    Max Processes :                              4
    Max Threads :                                9
    Run time :                                   121 sec.
    Turnaround time :                            240 sec.

The output (if any) is above this job summary.



PS:

Read file <my_job_error1.log> for stderr output of this job.

Reconstruction time: 97.98 seconds
Writing time: 12.08 seconds

------------------------------------------------------------
Sender: LSF System <lsfadmin@hpc.dtu.dk>
Subject: Job 23674213[7]: <folder_job[1-100]> in cluster <dcc> Done

Job <folder_job[1-100]> was submitted from host <gbarlogin1> by user <msaca> in cluster <dcc> at Mon Jan 13 19:48:53 2025
Job was executed on host(s) <4*n-62-20-5>, in queue <gpuv100>, as user <msaca> in cluster <dcc> at Mon Jan 13 19:50:54 2025
</zhome/71/c/146676> was used as the home directory.
</zhome/71/c/146676/main> was used as the working directory.
Started at Mon Jan 13 19:50:54 2025
Terminated at Mon Jan 13 19:52:54 2025
Results reported at Mon Jan 13 19:52:54 2025

Your job looked like:

------------------------------------------------------------
# LSBATCH: User input
#!/bin/bash
# embedded options to bsub - start with #BSUB
# -- name ---
#BSUB -J Recon
# -- choose queue --
# For gpu write gpuv100
#BSUB -q gpuv100
#BSUB -gpu "num=1"
#BSUB -e my_job_error1.log
#BSUB -o my_job_output1.log
#BSUB -M 16000
#BSUB -R "rusage[mem=16000]"
# -- estimated wall clock time (execution time): hh:mm -- 
#BSUB -W 24:00 
# -- Number of cores requested -- 
#BSUB -n 4
# -- Specify the distribution of the cores: on a separate nodes --
#BSUB -R "span[hosts=1]"
# Array job: N tasks, one per folder
#BSUB -J folder_job[1-100]
# -- end of LSF options -- 

source /zhome/71/c/146676/miniconda3/bin/activate && conda activate cil5


THRESHOLD="0.5"
SIZE="7"
DECNUM="5"
WNAME="10"
SIGMA="0.3"
ALPHA="100.0"
NUM_PROC="100"

# Export variables to make them available to the Python script
export THRESHOLD
export SIZE
export DECNUM
export WNAME
export SIGMA
export ALPHA
export BETA
export DELTA
export NUM_PROC

# python -c "from reconstructor_NA import recon_FBP_single; recon_FBP_single($LSB_JOBINDEX)"
# python -c "from reconstructor_NA import recon_FBP_multi; recon_FBP_multi($LSB_JOBINDEX)"
# python -c "from reconstructor_NA import recon_TV_single; recon_TV_single($LSB_JOBINDEX)"
python -c "from reconstructor_NA import recon_TV_multi; recon_TV_multi($LSB_JOBINDEX)"


------------------------------------------------------------

Successfully completed.

Resource usage summary:

    CPU time :                                   111.00 sec.
    Max Memory :                                 2283 MB
    Average Memory :                             2283.00 MB
    Total Requested Memory :                     64000.00 MB
    Delta Memory :                               61717.00 MB
    Max Swap :                                   -
    Max Processes :                              4
    Max Threads :                                9
    Run time :                                   120 sec.
    Turnaround time :                            241 sec.

The output (if any) is above this job summary.



PS:

Read file <my_job_error1.log> for stderr output of this job.

Reconstruction time: 97.58 seconds
Writing time: 12.10 seconds

------------------------------------------------------------
Sender: LSF System <lsfadmin@hpc.dtu.dk>
Subject: Job 23674213[8]: <folder_job[1-100]> in cluster <dcc> Done

Job <folder_job[1-100]> was submitted from host <gbarlogin1> by user <msaca> in cluster <dcc> at Mon Jan 13 19:48:53 2025
Job was executed on host(s) <4*n-62-20-5>, in queue <gpuv100>, as user <msaca> in cluster <dcc> at Mon Jan 13 19:50:56 2025
</zhome/71/c/146676> was used as the home directory.
</zhome/71/c/146676/main> was used as the working directory.
Started at Mon Jan 13 19:50:56 2025
Terminated at Mon Jan 13 19:52:56 2025
Results reported at Mon Jan 13 19:52:56 2025

Your job looked like:

------------------------------------------------------------
# LSBATCH: User input
#!/bin/bash
# embedded options to bsub - start with #BSUB
# -- name ---
#BSUB -J Recon
# -- choose queue --
# For gpu write gpuv100
#BSUB -q gpuv100
#BSUB -gpu "num=1"
#BSUB -e my_job_error1.log
#BSUB -o my_job_output1.log
#BSUB -M 16000
#BSUB -R "rusage[mem=16000]"
# -- estimated wall clock time (execution time): hh:mm -- 
#BSUB -W 24:00 
# -- Number of cores requested -- 
#BSUB -n 4
# -- Specify the distribution of the cores: on a separate nodes --
#BSUB -R "span[hosts=1]"
# Array job: N tasks, one per folder
#BSUB -J folder_job[1-100]
# -- end of LSF options -- 

source /zhome/71/c/146676/miniconda3/bin/activate && conda activate cil5


THRESHOLD="0.5"
SIZE="7"
DECNUM="5"
WNAME="10"
SIGMA="0.3"
ALPHA="100.0"
NUM_PROC="100"

# Export variables to make them available to the Python script
export THRESHOLD
export SIZE
export DECNUM
export WNAME
export SIGMA
export ALPHA
export BETA
export DELTA
export NUM_PROC

# python -c "from reconstructor_NA import recon_FBP_single; recon_FBP_single($LSB_JOBINDEX)"
# python -c "from reconstructor_NA import recon_FBP_multi; recon_FBP_multi($LSB_JOBINDEX)"
# python -c "from reconstructor_NA import recon_TV_single; recon_TV_single($LSB_JOBINDEX)"
python -c "from reconstructor_NA import recon_TV_multi; recon_TV_multi($LSB_JOBINDEX)"


------------------------------------------------------------

Successfully completed.

Resource usage summary:

    CPU time :                                   111.00 sec.
    Max Memory :                                 2283 MB
    Average Memory :                             2013.67 MB
    Total Requested Memory :                     64000.00 MB
    Delta Memory :                               61717.00 MB
    Max Swap :                                   -
    Max Processes :                              4
    Max Threads :                                21
    Run time :                                   122 sec.
    Turnaround time :                            243 sec.

The output (if any) is above this job summary.



PS:

Read file <my_job_error1.log> for stderr output of this job.

                                                                                         Initiating batch TV reconstruction from saved sinograms
Data loading time: 12.98 seconds
Initiating batch TV reconstruction from saved sinograms
Data loading time: 18.56 seconds
Reconstruction time: 98.03 seconds
Writing time: 14.90 seconds

------------------------------------------------------------
Sender: LSF System <lsfadmin@hpc.dtu.dk>
Subject: Job 23674213[10]: <folder_job[1-100]> in cluster <dcc> Done

Job <folder_job[1-100]> was submitted from host <gbarlogin1> by user <msaca> in cluster <dcc> at Mon Jan 13 19:48:53 2025
Job was executed on host(s) <4*n-62-20-3>, in queue <gpuv100>, as user <msaca> in cluster <dcc> at Mon Jan 13 19:52:53 2025
</zhome/71/c/146676> was used as the home directory.
</zhome/71/c/146676/main> was used as the working directory.
Started at Mon Jan 13 19:52:53 2025
Terminated at Mon Jan 13 19:55:05 2025
Results reported at Mon Jan 13 19:55:05 2025

Your job looked like:

------------------------------------------------------------
# LSBATCH: User input
#!/bin/bash
# embedded options to bsub - start with #BSUB
# -- name ---
#BSUB -J Recon
# -- choose queue --
# For gpu write gpuv100
#BSUB -q gpuv100
#BSUB -gpu "num=1"
#BSUB -e my_job_error1.log
#BSUB -o my_job_output1.log
#BSUB -M 16000
#BSUB -R "rusage[mem=16000]"
# -- estimated wall clock time (execution time): hh:mm -- 
#BSUB -W 24:00 
# -- Number of cores requested -- 
#BSUB -n 4
# -- Specify the distribution of the cores: on a separate nodes --
#BSUB -R "span[hosts=1]"
# Array job: N tasks, one per folder
#BSUB -J folder_job[1-100]
# -- end of LSF options -- 

source /zhome/71/c/146676/miniconda3/bin/activate && conda activate cil5


THRESHOLD="0.5"
SIZE="7"
DECNUM="5"
WNAME="10"
SIGMA="0.3"
ALPHA="100.0"
NUM_PROC="100"

# Export variables to make them available to the Python script
export THRESHOLD
export SIZE
export DECNUM
export WNAME
export SIGMA
export ALPHA
export BETA
export DELTA
export NUM_PROC

# python -c "from reconstructor_NA import recon_FBP_single; recon_FBP_single($LSB_JOBINDEX)"
# python -c "from reconstructor_NA import recon_FBP_multi; recon_FBP_multi($LSB_JOBINDEX)"
# python -c "from reconstructor_NA import recon_TV_single; recon_TV_single($LSB_JOBINDEX)"
python -c "from reconstructor_NA import recon_TV_multi; recon_TV_multi($LSB_JOBINDEX)"


------------------------------------------------------------

Successfully completed.

Resource usage summary:

    CPU time :                                   110.00 sec.
    Max Memory :                                 1879 MB
    Average Memory :                             1335.67 MB
    Total Requested Memory :                     64000.00 MB
    Delta Memory :                               62121.00 MB
    Max Swap :                                   -
    Max Processes :                              4
    Max Threads :                                21
    Run time :                                   133 sec.
    Turnaround time :                            372 sec.

The output (if any) is above this job summary.



PS:

Read file <my_job_error1.log> for stderr output of this job.

Reconstruction time: 97.44 seconds
Writing time: 17.68 seconds

------------------------------------------------------------
Sender: LSF System <lsfadmin@hpc.dtu.dk>
Subject: Job 23674213[9]: <folder_job[1-100]> in cluster <dcc> Done

Job <folder_job[1-100]> was submitted from host <gbarlogin1> by user <msaca> in cluster <dcc> at Mon Jan 13 19:48:53 2025
Job was executed on host(s) <4*n-62-20-2>, in queue <gpuv100>, as user <msaca> in cluster <dcc> at Mon Jan 13 19:52:53 2025
</zhome/71/c/146676> was used as the home directory.
</zhome/71/c/146676/main> was used as the working directory.
Started at Mon Jan 13 19:52:53 2025
Terminated at Mon Jan 13 19:55:09 2025
Results reported at Mon Jan 13 19:55:09 2025

Your job looked like:

------------------------------------------------------------
# LSBATCH: User input
#!/bin/bash
# embedded options to bsub - start with #BSUB
# -- name ---
#BSUB -J Recon
# -- choose queue --
# For gpu write gpuv100
#BSUB -q gpuv100
#BSUB -gpu "num=1"
#BSUB -e my_job_error1.log
#BSUB -o my_job_output1.log
#BSUB -M 16000
#BSUB -R "rusage[mem=16000]"
# -- estimated wall clock time (execution time): hh:mm -- 
#BSUB -W 24:00 
# -- Number of cores requested -- 
#BSUB -n 4
# -- Specify the distribution of the cores: on a separate nodes --
#BSUB -R "span[hosts=1]"
# Array job: N tasks, one per folder
#BSUB -J folder_job[1-100]
# -- end of LSF options -- 

source /zhome/71/c/146676/miniconda3/bin/activate && conda activate cil5


THRESHOLD="0.5"
SIZE="7"
DECNUM="5"
WNAME="10"
SIGMA="0.3"
ALPHA="100.0"
NUM_PROC="100"

# Export variables to make them available to the Python script
export THRESHOLD
export SIZE
export DECNUM
export WNAME
export SIGMA
export ALPHA
export BETA
export DELTA
export NUM_PROC

# python -c "from reconstructor_NA import recon_FBP_single; recon_FBP_single($LSB_JOBINDEX)"
# python -c "from reconstructor_NA import recon_FBP_multi; recon_FBP_multi($LSB_JOBINDEX)"
# python -c "from reconstructor_NA import recon_TV_single; recon_TV_single($LSB_JOBINDEX)"
python -c "from reconstructor_NA import recon_TV_multi; recon_TV_multi($LSB_JOBINDEX)"


------------------------------------------------------------

Successfully completed.

Resource usage summary:

    CPU time :                                   109.00 sec.
    Max Memory :                                 1931 MB
    Average Memory :                             1340.33 MB
    Total Requested Memory :                     64000.00 MB
    Delta Memory :                               62069.00 MB
    Max Swap :                                   -
    Max Processes :                              4
    Max Threads :                                21
    Run time :                                   136 sec.
    Turnaround time :                            376 sec.

The output (if any) is above this job summary.



PS:

Read file <my_job_error1.log> for stderr output of this job.

Reconstruction time: 97.39 seconds
Writing time: 15.68 seconds

------------------------------------------------------------
Sender: LSF System <lsfadmin@hpc.dtu.dk>
Subject: Job 23674213[12]: <folder_job[1-100]> in cluster <dcc> Done

Job <folder_job[1-100]> was submitted from host <gbarlogin1> by user <msaca> in cluster <dcc> at Mon Jan 13 19:48:53 2025
Job was executed on host(s) <4*n-62-20-5>, in queue <gpuv100>, as user <msaca> in cluster <dcc> at Mon Jan 13 19:52:57 2025
</zhome/71/c/146676> was used as the home directory.
</zhome/71/c/146676/main> was used as the working directory.
Started at Mon Jan 13 19:52:57 2025
Terminated at Mon Jan 13 19:55:10 2025
Results reported at Mon Jan 13 19:55:10 2025

Your job looked like:

------------------------------------------------------------
# LSBATCH: User input
#!/bin/bash
# embedded options to bsub - start with #BSUB
# -- name ---
#BSUB -J Recon
# -- choose queue --
# For gpu write gpuv100
#BSUB -q gpuv100
#BSUB -gpu "num=1"
#BSUB -e my_job_error1.log
#BSUB -o my_job_output1.log
#BSUB -M 16000
#BSUB -R "rusage[mem=16000]"
# -- estimated wall clock time (execution time): hh:mm -- 
#BSUB -W 24:00 
# -- Number of cores requested -- 
#BSUB -n 4
# -- Specify the distribution of the cores: on a separate nodes --
#BSUB -R "span[hosts=1]"
# Array job: N tasks, one per folder
#BSUB -J folder_job[1-100]
# -- end of LSF options -- 

source /zhome/71/c/146676/miniconda3/bin/activate && conda activate cil5


THRESHOLD="0.5"
SIZE="7"
DECNUM="5"
WNAME="10"
SIGMA="0.3"
ALPHA="100.0"
NUM_PROC="100"

# Export variables to make them available to the Python script
export THRESHOLD
export SIZE
export DECNUM
export WNAME
export SIGMA
export ALPHA
export BETA
export DELTA
export NUM_PROC

# python -c "from reconstructor_NA import recon_FBP_single; recon_FBP_single($LSB_JOBINDEX)"
# python -c "from reconstructor_NA import recon_FBP_multi; recon_FBP_multi($LSB_JOBINDEX)"
# python -c "from reconstructor_NA import recon_TV_single; recon_TV_single($LSB_JOBINDEX)"
python -c "from reconstructor_NA import recon_TV_multi; recon_TV_multi($LSB_JOBINDEX)"


------------------------------------------------------------

Successfully completed.

Resource usage summary:

    CPU time :                                   111.00 sec.
    Max Memory :                                 1879 MB
    Average Memory :                             1338.33 MB
    Total Requested Memory :                     64000.00 MB
    Delta Memory :                               62121.00 MB
    Max Swap :                                   -
    Max Processes :                              4
    Max Threads :                                21
    Run time :                                   134 sec.
    Turnaround time :                            377 sec.

The output (if any) is above this job summary.



PS:

Read file <my_job_error1.log> for stderr output of this job.

Reconstruction time: 97.95 seconds
Writing time: 15.99 seconds

------------------------------------------------------------
Sender: LSF System <lsfadmin@hpc.dtu.dk>
Subject: Job 23674213[11]: <folder_job[1-100]> in cluster <dcc> Done

Job <folder_job[1-100]> was submitted from host <gbarlogin1> by user <msaca> in cluster <dcc> at Mon Jan 13 19:48:53 2025
Job was executed on host(s) <4*n-62-20-5>, in queue <gpuv100>, as user <msaca> in cluster <dcc> at Mon Jan 13 19:52:54 2025
</zhome/71/c/146676> was used as the home directory.
</zhome/71/c/146676/main> was used as the working directory.
Started at Mon Jan 13 19:52:54 2025
Terminated at Mon Jan 13 19:55:13 2025
Results reported at Mon Jan 13 19:55:13 2025

Your job looked like:

------------------------------------------------------------
# LSBATCH: User input
#!/bin/bash
# embedded options to bsub - start with #BSUB
# -- name ---
#BSUB -J Recon
# -- choose queue --
# For gpu write gpuv100
#BSUB -q gpuv100
#BSUB -gpu "num=1"
#BSUB -e my_job_error1.log
#BSUB -o my_job_output1.log
#BSUB -M 16000
#BSUB -R "rusage[mem=16000]"
# -- estimated wall clock time (execution time): hh:mm -- 
#BSUB -W 24:00 
# -- Number of cores requested -- 
#BSUB -n 4
# -- Specify the distribution of the cores: on a separate nodes --
#BSUB -R "span[hosts=1]"
# Array job: N tasks, one per folder
#BSUB -J folder_job[1-100]
# -- end of LSF options -- 

source /zhome/71/c/146676/miniconda3/bin/activate && conda activate cil5


THRESHOLD="0.5"
SIZE="7"
DECNUM="5"
WNAME="10"
SIGMA="0.3"
ALPHA="100.0"
NUM_PROC="100"

# Export variables to make them available to the Python script
export THRESHOLD
export SIZE
export DECNUM
export WNAME
export SIGMA
export ALPHA
export BETA
export DELTA
export NUM_PROC

# python -c "from reconstructor_NA import recon_FBP_single; recon_FBP_single($LSB_JOBINDEX)"
# python -c "from reconstructor_NA import recon_FBP_multi; recon_FBP_multi($LSB_JOBINDEX)"
# python -c "from reconstructor_NA import recon_TV_single; recon_TV_single($LSB_JOBINDEX)"
python -c "from reconstructor_NA import recon_TV_multi; recon_TV_multi($LSB_JOBINDEX)"


------------------------------------------------------------

Successfully completed.

Resource usage summary:

    CPU time :                                   111.00 sec.
    Max Memory :                                 1891 MB
    Average Memory :                             1412.50 MB
    Total Requested Memory :                     64000.00 MB
    Delta Memory :                               62109.00 MB
    Max Swap :                                   -
    Max Processes :                              5
    Max Threads :                                21
    Run time :                                   139 sec.
    Turnaround time :                            380 sec.

The output (if any) is above this job summary.



PS:

Read file <my_job_error1.log> for stderr output of this job.

                                                                                         Initiating batch TV reconstruction from saved sinograms
Data loading time: 14.45 seconds
Initiating batch TV reconstruction from saved sinograms
Data loading time: 16.07 seconds
Reconstruction time: 98.23 seconds
Writing time: 12.70 seconds

------------------------------------------------------------
Sender: LSF System <lsfadmin@hpc.dtu.dk>
Subject: Job 23674213[13]: <folder_job[1-100]> in cluster <dcc> Done

Job <folder_job[1-100]> was submitted from host <gbarlogin1> by user <msaca> in cluster <dcc> at Mon Jan 13 19:48:53 2025
Job was executed on host(s) <4*n-62-20-3>, in queue <gpuv100>, as user <msaca> in cluster <dcc> at Mon Jan 13 19:55:06 2025
</zhome/71/c/146676> was used as the home directory.
</zhome/71/c/146676/main> was used as the working directory.
Started at Mon Jan 13 19:55:06 2025
Terminated at Mon Jan 13 19:57:16 2025
Results reported at Mon Jan 13 19:57:16 2025

Your job looked like:

------------------------------------------------------------
# LSBATCH: User input
#!/bin/bash
# embedded options to bsub - start with #BSUB
# -- name ---
#BSUB -J Recon
# -- choose queue --
# For gpu write gpuv100
#BSUB -q gpuv100
#BSUB -gpu "num=1"
#BSUB -e my_job_error1.log
#BSUB -o my_job_output1.log
#BSUB -M 16000
#BSUB -R "rusage[mem=16000]"
# -- estimated wall clock time (execution time): hh:mm -- 
#BSUB -W 24:00 
# -- Number of cores requested -- 
#BSUB -n 4
# -- Specify the distribution of the cores: on a separate nodes --
#BSUB -R "span[hosts=1]"
# Array job: N tasks, one per folder
#BSUB -J folder_job[1-100]
# -- end of LSF options -- 

source /zhome/71/c/146676/miniconda3/bin/activate && conda activate cil5


THRESHOLD="0.5"
SIZE="7"
DECNUM="5"
WNAME="10"
SIGMA="0.3"
ALPHA="100.0"
NUM_PROC="100"

# Export variables to make them available to the Python script
export THRESHOLD
export SIZE
export DECNUM
export WNAME
export SIGMA
export ALPHA
export BETA
export DELTA
export NUM_PROC

# python -c "from reconstructor_NA import recon_FBP_single; recon_FBP_single($LSB_JOBINDEX)"
# python -c "from reconstructor_NA import recon_FBP_multi; recon_FBP_multi($LSB_JOBINDEX)"
# python -c "from reconstructor_NA import recon_TV_single; recon_TV_single($LSB_JOBINDEX)"
python -c "from reconstructor_NA import recon_TV_multi; recon_TV_multi($LSB_JOBINDEX)"


------------------------------------------------------------

Successfully completed.

Resource usage summary:

    CPU time :                                   110.00 sec.
    Max Memory :                                 1878 MB
    Average Memory :                             1338.00 MB
    Total Requested Memory :                     64000.00 MB
    Delta Memory :                               62122.00 MB
    Max Swap :                                   -
    Max Processes :                              4
    Max Threads :                                21
    Run time :                                   130 sec.
    Turnaround time :                            503 sec.

The output (if any) is above this job summary.



PS:

Read file <my_job_error1.log> for stderr output of this job.

Reconstruction time: 97.61 seconds
Writing time: 14.12 seconds

------------------------------------------------------------
Sender: LSF System <lsfadmin@hpc.dtu.dk>
Subject: Job 23674213[14]: <folder_job[1-100]> in cluster <dcc> Done

Job <folder_job[1-100]> was submitted from host <gbarlogin1> by user <msaca> in cluster <dcc> at Mon Jan 13 19:48:53 2025
Job was executed on host(s) <4*n-62-20-2>, in queue <gpuv100>, as user <msaca> in cluster <dcc> at Mon Jan 13 19:55:10 2025
</zhome/71/c/146676> was used as the home directory.
</zhome/71/c/146676/main> was used as the working directory.
Started at Mon Jan 13 19:55:10 2025
Terminated at Mon Jan 13 19:57:22 2025
Results reported at Mon Jan 13 19:57:22 2025

Your job looked like:

------------------------------------------------------------
# LSBATCH: User input
#!/bin/bash
# embedded options to bsub - start with #BSUB
# -- name ---
#BSUB -J Recon
# -- choose queue --
# For gpu write gpuv100
#BSUB -q gpuv100
#BSUB -gpu "num=1"
#BSUB -e my_job_error1.log
#BSUB -o my_job_output1.log
#BSUB -M 16000
#BSUB -R "rusage[mem=16000]"
# -- estimated wall clock time (execution time): hh:mm -- 
#BSUB -W 24:00 
# -- Number of cores requested -- 
#BSUB -n 4
# -- Specify the distribution of the cores: on a separate nodes --
#BSUB -R "span[hosts=1]"
# Array job: N tasks, one per folder
#BSUB -J folder_job[1-100]
# -- end of LSF options -- 

source /zhome/71/c/146676/miniconda3/bin/activate && conda activate cil5


THRESHOLD="0.5"
SIZE="7"
DECNUM="5"
WNAME="10"
SIGMA="0.3"
ALPHA="100.0"
NUM_PROC="100"

# Export variables to make them available to the Python script
export THRESHOLD
export SIZE
export DECNUM
export WNAME
export SIGMA
export ALPHA
export BETA
export DELTA
export NUM_PROC

# python -c "from reconstructor_NA import recon_FBP_single; recon_FBP_single($LSB_JOBINDEX)"
# python -c "from reconstructor_NA import recon_FBP_multi; recon_FBP_multi($LSB_JOBINDEX)"
# python -c "from reconstructor_NA import recon_TV_single; recon_TV_single($LSB_JOBINDEX)"
python -c "from reconstructor_NA import recon_TV_multi; recon_TV_multi($LSB_JOBINDEX)"


------------------------------------------------------------

Successfully completed.

Resource usage summary:

    CPU time :                                   109.00 sec.
    Max Memory :                                 2032 MB
    Average Memory :                             1433.00 MB
    Total Requested Memory :                     64000.00 MB
    Delta Memory :                               61968.00 MB
    Max Swap :                                   -
    Max Processes :                              4
    Max Threads :                                21
    Run time :                                   133 sec.
    Turnaround time :                            509 sec.

The output (if any) is above this job summary.



PS:

Read file <my_job_error1.log> for stderr output of this job.

Reconstruction time: 98.70 seconds
Writing time: 14.44 seconds

------------------------------------------------------------
Sender: LSF System <lsfadmin@hpc.dtu.dk>
Subject: Job 23674213[15]: <folder_job[1-100]> in cluster <dcc> Done

Job <folder_job[1-100]> was submitted from host <gbarlogin1> by user <msaca> in cluster <dcc> at Mon Jan 13 19:48:53 2025
Job was executed on host(s) <4*n-62-20-5>, in queue <gpuv100>, as user <msaca> in cluster <dcc> at Mon Jan 13 19:55:10 2025
</zhome/71/c/146676> was used as the home directory.
</zhome/71/c/146676/main> was used as the working directory.
Started at Mon Jan 13 19:55:10 2025
Terminated at Mon Jan 13 19:57:24 2025
Results reported at Mon Jan 13 19:57:24 2025

Your job looked like:

------------------------------------------------------------
# LSBATCH: User input
#!/bin/bash
# embedded options to bsub - start with #BSUB
# -- name ---
#BSUB -J Recon
# -- choose queue --
# For gpu write gpuv100
#BSUB -q gpuv100
#BSUB -gpu "num=1"
#BSUB -e my_job_error1.log
#BSUB -o my_job_output1.log
#BSUB -M 16000
#BSUB -R "rusage[mem=16000]"
# -- estimated wall clock time (execution time): hh:mm -- 
#BSUB -W 24:00 
# -- Number of cores requested -- 
#BSUB -n 4
# -- Specify the distribution of the cores: on a separate nodes --
#BSUB -R "span[hosts=1]"
# Array job: N tasks, one per folder
#BSUB -J folder_job[1-100]
# -- end of LSF options -- 

source /zhome/71/c/146676/miniconda3/bin/activate && conda activate cil5


THRESHOLD="0.5"
SIZE="7"
DECNUM="5"
WNAME="10"
SIGMA="0.3"
ALPHA="100.0"
NUM_PROC="100"

# Export variables to make them available to the Python script
export THRESHOLD
export SIZE
export DECNUM
export WNAME
export SIGMA
export ALPHA
export BETA
export DELTA
export NUM_PROC

# python -c "from reconstructor_NA import recon_FBP_single; recon_FBP_single($LSB_JOBINDEX)"
# python -c "from reconstructor_NA import recon_FBP_multi; recon_FBP_multi($LSB_JOBINDEX)"
# python -c "from reconstructor_NA import recon_TV_single; recon_TV_single($LSB_JOBINDEX)"
python -c "from reconstructor_NA import recon_TV_multi; recon_TV_multi($LSB_JOBINDEX)"


------------------------------------------------------------

Successfully completed.

Resource usage summary:

    CPU time :                                   112.00 sec.
    Max Memory :                                 1878 MB
    Average Memory :                             1109.67 MB
    Total Requested Memory :                     64000.00 MB
    Delta Memory :                               62122.00 MB
    Max Swap :                                   -
    Max Processes :                              5
    Max Threads :                                21
    Run time :                                   134 sec.
    Turnaround time :                            511 sec.

The output (if any) is above this job summary.



PS:

Read file <my_job_error1.log> for stderr output of this job.

Reconstruction time: 99.28 seconds
Writing time: 13.55 seconds

------------------------------------------------------------
Sender: LSF System <lsfadmin@hpc.dtu.dk>
Subject: Job 23674213[16]: <folder_job[1-100]> in cluster <dcc> Done

Job <folder_job[1-100]> was submitted from host <gbarlogin1> by user <msaca> in cluster <dcc> at Mon Jan 13 19:48:53 2025
Job was executed on host(s) <4*n-62-20-5>, in queue <gpuv100>, as user <msaca> in cluster <dcc> at Mon Jan 13 19:55:15 2025
</zhome/71/c/146676> was used as the home directory.
</zhome/71/c/146676/main> was used as the working directory.
Started at Mon Jan 13 19:55:15 2025
Terminated at Mon Jan 13 19:57:30 2025
Results reported at Mon Jan 13 19:57:30 2025

Your job looked like:

------------------------------------------------------------
# LSBATCH: User input
#!/bin/bash
# embedded options to bsub - start with #BSUB
# -- name ---
#BSUB -J Recon
# -- choose queue --
# For gpu write gpuv100
#BSUB -q gpuv100
#BSUB -gpu "num=1"
#BSUB -e my_job_error1.log
#BSUB -o my_job_output1.log
#BSUB -M 16000
#BSUB -R "rusage[mem=16000]"
# -- estimated wall clock time (execution time): hh:mm -- 
#BSUB -W 24:00 
# -- Number of cores requested -- 
#BSUB -n 4
# -- Specify the distribution of the cores: on a separate nodes --
#BSUB -R "span[hosts=1]"
# Array job: N tasks, one per folder
#BSUB -J folder_job[1-100]
# -- end of LSF options -- 

source /zhome/71/c/146676/miniconda3/bin/activate && conda activate cil5


THRESHOLD="0.5"
SIZE="7"
DECNUM="5"
WNAME="10"
SIGMA="0.3"
ALPHA="100.0"
NUM_PROC="100"

# Export variables to make them available to the Python script
export THRESHOLD
export SIZE
export DECNUM
export WNAME
export SIGMA
export ALPHA
export BETA
export DELTA
export NUM_PROC

# python -c "from reconstructor_NA import recon_FBP_single; recon_FBP_single($LSB_JOBINDEX)"
# python -c "from reconstructor_NA import recon_FBP_multi; recon_FBP_multi($LSB_JOBINDEX)"
# python -c "from reconstructor_NA import recon_TV_single; recon_TV_single($LSB_JOBINDEX)"
python -c "from reconstructor_NA import recon_TV_multi; recon_TV_multi($LSB_JOBINDEX)"


------------------------------------------------------------

Successfully completed.

Resource usage summary:

    CPU time :                                   113.00 sec.
    Max Memory :                                 2032 MB
    Average Memory :                             1327.67 MB
    Total Requested Memory :                     64000.00 MB
    Delta Memory :                               61968.00 MB
    Max Swap :                                   -
    Max Processes :                              4
    Max Threads :                                21
    Run time :                                   135 sec.
    Turnaround time :                            517 sec.

The output (if any) is above this job summary.



PS:

Read file <my_job_error1.log> for stderr output of this job.

                                                                                                                                                                                  Initiating batch TV reconstruction from saved sinograms
Data loading time: 15.45 seconds
Initiating batch TV reconstruction from saved sinograms
Data loading time: 13.61 seconds
Reconstruction time: 98.03 seconds
Writing time: 12.24 seconds

------------------------------------------------------------
Sender: LSF System <lsfadmin@hpc.dtu.dk>
Subject: Job 23674213[17]: <folder_job[1-100]> in cluster <dcc> Done

Job <folder_job[1-100]> was submitted from host <gbarlogin1> by user <msaca> in cluster <dcc> at Mon Jan 13 19:48:53 2025
Job was executed on host(s) <4*n-62-20-3>, in queue <gpuv100>, as user <msaca> in cluster <dcc> at Mon Jan 13 19:57:16 2025
</zhome/71/c/146676> was used as the home directory.
</zhome/71/c/146676/main> was used as the working directory.
Started at Mon Jan 13 19:57:16 2025
Terminated at Mon Jan 13 19:59:26 2025
Results reported at Mon Jan 13 19:59:26 2025

Your job looked like:

------------------------------------------------------------
# LSBATCH: User input
#!/bin/bash
# embedded options to bsub - start with #BSUB
# -- name ---
#BSUB -J Recon
# -- choose queue --
# For gpu write gpuv100
#BSUB -q gpuv100
#BSUB -gpu "num=1"
#BSUB -e my_job_error1.log
#BSUB -o my_job_output1.log
#BSUB -M 16000
#BSUB -R "rusage[mem=16000]"
# -- estimated wall clock time (execution time): hh:mm -- 
#BSUB -W 24:00 
# -- Number of cores requested -- 
#BSUB -n 4
# -- Specify the distribution of the cores: on a separate nodes --
#BSUB -R "span[hosts=1]"
# Array job: N tasks, one per folder
#BSUB -J folder_job[1-100]
# -- end of LSF options -- 

source /zhome/71/c/146676/miniconda3/bin/activate && conda activate cil5


THRESHOLD="0.5"
SIZE="7"
DECNUM="5"
WNAME="10"
SIGMA="0.3"
ALPHA="100.0"
NUM_PROC="100"

# Export variables to make them available to the Python script
export THRESHOLD
export SIZE
export DECNUM
export WNAME
export SIGMA
export ALPHA
export BETA
export DELTA
export NUM_PROC

# python -c "from reconstructor_NA import recon_FBP_single; recon_FBP_single($LSB_JOBINDEX)"
# python -c "from reconstructor_NA import recon_FBP_multi; recon_FBP_multi($LSB_JOBINDEX)"
# python -c "from reconstructor_NA import recon_TV_single; recon_TV_single($LSB_JOBINDEX)"
python -c "from reconstructor_NA import recon_TV_multi; recon_TV_multi($LSB_JOBINDEX)"


------------------------------------------------------------

Successfully completed.

Resource usage summary:

    CPU time :                                   110.00 sec.
    Max Memory :                                 1929 MB
    Average Memory :                             1372.00 MB
    Total Requested Memory :                     64000.00 MB
    Delta Memory :                               62071.00 MB
    Max Swap :                                   -
    Max Processes :                              4
    Max Threads :                                21
    Run time :                                   130 sec.
    Turnaround time :                            633 sec.

The output (if any) is above this job summary.



PS:

Read file <my_job_error1.log> for stderr output of this job.

Reconstruction time: 97.41 seconds

------------------------------------------------------------
Sender: LSF System <lsfadmin@hpc.dtu.dk>
Subject: Job 23674213[19]: <folder_job[1-100]> in cluster <dcc> Exited

Job <folder_job[1-100]> was submitted from host <gbarlogin1> by user <msaca> in cluster <dcc> at Mon Jan 13 19:48:53 2025
Job was executed on host(s) <4*n-62-20-5>, in queue <gpuv100>, as user <msaca> in cluster <dcc> at Mon Jan 13 19:57:24 2025
</zhome/71/c/146676> was used as the home directory.
</zhome/71/c/146676/main> was used as the working directory.
Started at Mon Jan 13 19:57:24 2025
Terminated at Mon Jan 13 19:59:26 2025
Results reported at Mon Jan 13 19:59:26 2025

Your job looked like:

------------------------------------------------------------
# LSBATCH: User input
#!/bin/bash
# embedded options to bsub - start with #BSUB
# -- name ---
#BSUB -J Recon
# -- choose queue --
# For gpu write gpuv100
#BSUB -q gpuv100
#BSUB -gpu "num=1"
#BSUB -e my_job_error1.log
#BSUB -o my_job_output1.log
#BSUB -M 16000
#BSUB -R "rusage[mem=16000]"
# -- estimated wall clock time (execution time): hh:mm -- 
#BSUB -W 24:00 
# -- Number of cores requested -- 
#BSUB -n 4
# -- Specify the distribution of the cores: on a separate nodes --
#BSUB -R "span[hosts=1]"
# Array job: N tasks, one per folder
#BSUB -J folder_job[1-100]
# -- end of LSF options -- 

source /zhome/71/c/146676/miniconda3/bin/activate && conda activate cil5


THRESHOLD="0.5"
SIZE="7"
DECNUM="5"
WNAME="10"
SIGMA="0.3"
ALPHA="100.0"
NUM_PROC="100"

# Export variables to make them available to the Python script
export THRESHOLD
export SIZE
export DECNUM
export WNAME
export SIGMA
export ALPHA
export BETA
export DELTA
export NUM_PROC

# python -c "from reconstructor_NA import recon_FBP_single; recon_FBP_single($LSB_JOBINDEX)"
# python -c "from reconstructor_NA import recon_FBP_multi; recon_FBP_multi($LSB_JOBINDEX)"
# python -c "from reconstructor_NA import recon_TV_single; recon_TV_single($LSB_JOBINDEX)"
python -c "from reconstructor_NA import recon_TV_multi; recon_TV_multi($LSB_JOBINDEX)"


------------------------------------------------------------

TERM_OWNER: job killed by owner.
Exited with exit code 130.

Resource usage summary:

    CPU time :                                   112.00 sec.
    Max Memory :                                 1887 MB
    Average Memory :                             1305.33 MB
    Total Requested Memory :                     64000.00 MB
    Delta Memory :                               62113.00 MB
    Max Swap :                                   -
    Max Processes :                              4
    Max Threads :                                21
    Run time :                                   122 sec.
    Turnaround time :                            633 sec.

The output (if any) is above this job summary.



PS:

Read file <my_job_error1.log> for stderr output of this job.


------------------------------------------------------------
Sender: LSF System <lsfadmin@hpc.dtu.dk>
Subject: Job 23674213[18]: <folder_job[1-100]> in cluster <dcc> Exited

Job <folder_job[1-100]> was submitted from host <gbarlogin1> by user <msaca> in cluster <dcc> at Mon Jan 13 19:48:53 2025
Job was executed on host(s) <4*n-62-20-2>, in queue <gpuv100>, as user <msaca> in cluster <dcc> at Mon Jan 13 19:57:24 2025
</zhome/71/c/146676> was used as the home directory.
</zhome/71/c/146676/main> was used as the working directory.
Started at Mon Jan 13 19:57:24 2025
Terminated at Mon Jan 13 19:59:26 2025
Results reported at Mon Jan 13 19:59:26 2025

Your job looked like:

------------------------------------------------------------
# LSBATCH: User input
#!/bin/bash
# embedded options to bsub - start with #BSUB
# -- name ---
#BSUB -J Recon
# -- choose queue --
# For gpu write gpuv100
#BSUB -q gpuv100
#BSUB -gpu "num=1"
#BSUB -e my_job_error1.log
#BSUB -o my_job_output1.log
#BSUB -M 16000
#BSUB -R "rusage[mem=16000]"
# -- estimated wall clock time (execution time): hh:mm -- 
#BSUB -W 24:00 
# -- Number of cores requested -- 
#BSUB -n 4
# -- Specify the distribution of the cores: on a separate nodes --
#BSUB -R "span[hosts=1]"
# Array job: N tasks, one per folder
#BSUB -J folder_job[1-100]
# -- end of LSF options -- 

source /zhome/71/c/146676/miniconda3/bin/activate && conda activate cil5


THRESHOLD="0.5"
SIZE="7"
DECNUM="5"
WNAME="10"
SIGMA="0.3"
ALPHA="100.0"
NUM_PROC="100"

# Export variables to make them available to the Python script
export THRESHOLD
export SIZE
export DECNUM
export WNAME
export SIGMA
export ALPHA
export BETA
export DELTA
export NUM_PROC

# python -c "from reconstructor_NA import recon_FBP_single; recon_FBP_single($LSB_JOBINDEX)"
# python -c "from reconstructor_NA import recon_FBP_multi; recon_FBP_multi($LSB_JOBINDEX)"
# python -c "from reconstructor_NA import recon_TV_single; recon_TV_single($LSB_JOBINDEX)"
python -c "from reconstructor_NA import recon_TV_multi; recon_TV_multi($LSB_JOBINDEX)"


------------------------------------------------------------

TERM_OWNER: job killed by owner.
Exited with exit code 130.

Resource usage summary:

    CPU time :                                   109.00 sec.
    Max Memory :                                 2032 MB
    Average Memory :                             1344.00 MB
    Total Requested Memory :                     64000.00 MB
    Delta Memory :                               61968.00 MB
    Max Swap :                                   -
    Max Processes :                              4
    Max Threads :                                21
    Run time :                                   124 sec.
    Turnaround time :                            633 sec.

The output (if any) is above this job summary.



PS:

Read file <my_job_error1.log> for stderr output of this job.


------------------------------------------------------------
Sender: LSF System <lsfadmin@hpc.dtu.dk>
Subject: Job 23674213[20]: <folder_job[1-100]> in cluster <dcc> Exited

Job <folder_job[1-100]> was submitted from host <gbarlogin1> by user <msaca> in cluster <dcc> at Mon Jan 13 19:48:53 2025
Job was executed on host(s) <4*n-62-20-5>, in queue <gpuv100>, as user <msaca> in cluster <dcc> at Mon Jan 13 19:57:30 2025
</zhome/71/c/146676> was used as the home directory.
</zhome/71/c/146676/main> was used as the working directory.
Started at Mon Jan 13 19:57:30 2025
Terminated at Mon Jan 13 19:59:27 2025
Results reported at Mon Jan 13 19:59:27 2025

Your job looked like:

------------------------------------------------------------
# LSBATCH: User input
#!/bin/bash
# embedded options to bsub - start with #BSUB
# -- name ---
#BSUB -J Recon
# -- choose queue --
# For gpu write gpuv100
#BSUB -q gpuv100
#BSUB -gpu "num=1"
#BSUB -e my_job_error1.log
#BSUB -o my_job_output1.log
#BSUB -M 16000
#BSUB -R "rusage[mem=16000]"
# -- estimated wall clock time (execution time): hh:mm -- 
#BSUB -W 24:00 
# -- Number of cores requested -- 
#BSUB -n 4
# -- Specify the distribution of the cores: on a separate nodes --
#BSUB -R "span[hosts=1]"
# Array job: N tasks, one per folder
#BSUB -J folder_job[1-100]
# -- end of LSF options -- 

source /zhome/71/c/146676/miniconda3/bin/activate && conda activate cil5


THRESHOLD="0.5"
SIZE="7"
DECNUM="5"
WNAME="10"
SIGMA="0.3"
ALPHA="100.0"
NUM_PROC="100"

# Export variables to make them available to the Python script
export THRESHOLD
export SIZE
export DECNUM
export WNAME
export SIGMA
export ALPHA
export BETA
export DELTA
export NUM_PROC

# python -c "from reconstructor_NA import recon_FBP_single; recon_FBP_single($LSB_JOBINDEX)"
# python -c "from reconstructor_NA import recon_FBP_multi; recon_FBP_multi($LSB_JOBINDEX)"
# python -c "from reconstructor_NA import recon_TV_single; recon_TV_single($LSB_JOBINDEX)"
python -c "from reconstructor_NA import recon_TV_multi; recon_TV_multi($LSB_JOBINDEX)"


------------------------------------------------------------

TERM_OWNER: job killed by owner.
Exited with exit code 130.

Resource usage summary:

    CPU time :                                   109.00 sec.
    Max Memory :                                 1878 MB
    Average Memory :                             1329.67 MB
    Total Requested Memory :                     64000.00 MB
    Delta Memory :                               62122.00 MB
    Max Swap :                                   -
    Max Processes :                              4
    Max Threads :                                21
    Run time :                                   117 sec.
    Turnaround time :                            634 sec.

The output (if any) is above this job summary.



PS:

Read file <my_job_error1.log> for stderr output of this job.

Initiating batch TV reconstruction from saved sinograms
Data loading time: 0.12 seconds
Initiating batch TV reconstruction from saved sinograms
Data loading time: 2.35 seconds
Reconstruction time: 853.15 seconds
Writing time: 7.65 seconds
Reconstruction time: 853.78 seconds
Writing time: 7.56 seconds
ender: LSF System <lsfadmin@hpc.dtu.dk>
Subject: Job 23674221[4]: <folder_job[1-100]> in cluster <dcc> Done

Job <folder_job[1-100]> was submitted from host <gbarlogin1> by user <msaca> in cluster <dcc> at Mon Jan 13 20:01:30 2025
Job was executed on host(s) <4*n-62-20-5>, in queue <gpuv100>, as user <msaca> in cluster <dcc> at Mon Jan 13 20:01:31 2025
</zhome/71/c/146676> was used as the home directory.
</zhome/71/c/146676/main> was used as the working directory.
Started at Mon Jan 13 20:01:31 2025
Terminated at Mon Jan 13 20:15:57 2025
Results reported at Mon Jan 13 20:15:57 2025

Your job looked like:

------------------------------------------------------------
# LSBATCH: User input
#!/bin/bash
# embedded options to bsub - start with #BSUB
# -- name ---
#BSUB -J Recon
# -- choose queue --
# For gpu write gpuv100
#BSUB -q gpuv100
#BSUB -gpu "num=1"
#BSUB -e my_job_error1.log
#BSUB -o my_job_output1.log
#BSUB -M 16000
#BSUB -R "rusage[mem=16000]"
# -- estimated wall clock time (execution time): hh:mm -- 
#BSUB -W 24:00 
# -- Number of cores requested -- 
#BSUB -n 4
# -- Specify the distribution of the cores: on a separate nodes --
#BSUB -R "span[hosts=1]"
# Array job: N tasks, one per folder
#BSUB -J folder_job[1-100]
# -- end of LSF options -- 

source /zhome/71/c/146676/miniconda3/bin/activate && conda activate cil5


THRESHOLD="0.5"
SIZE="7"
DECNUM="5"
WNAME="10"
SIGMA="0.3"
ALPHA="100.0"
NUM_PROC="100"

# Export variables to make them available to the Python script
export THRESHOLD
export SIZE
export DECNUM
export WNAME
export SIGMA
export ALPHA
export BETA
export DELTA
export NUM_PROC

# python -c "from reconstructor_NA import recon_FBP_single; recon_FBP_single($LSB_JOBINDEX)"
# python -c "from reconstructor_NA import recon_FBP_multi; recon_FBP_multi($LSB_JOBINDEX)"
# python -c "from reconstructor_NA import recon_TV_single; recon_TV_single($LSB_JOBINDEX)"
python -c "from reconstructor_NA import recon_TV_multi; recon_TV_multi($LSB_JOBINDEX)"


------------------------------------------------------------

Successfully completed.

Resource usage summary:

    CPU time :                                   935.00 sec.
    Max Memory :                                 2282 MB
    Average Memory :                             1918.62 MB
    Total Requested Memory :                     64000.00 MB
    Delta Memory :                               61718.00 MB
    Max Swap :                                   -
    Max Processes :                              4
    Max Threads :                                21
    Run time :                                   889 sec.
    Turnaround time :                            867 sec.

The output (if any) is above this job summary.



PS:

Read file <my_job_error1.log> for stderr output of this job.


------------------------------------------------------------
Sender: LSF System <lsfadmin@hpc.dtu.dk>
Subject: Job 23674221[1]: <folder_job[1-100]> in cluster <dcc> Done

Job <folder_job[1-100]> was submitted from host <gbarlogin1> by user <msaca> in cluster <dcc> at Mon Jan 13 20:01:30 2025
Job was executed on host(s) <4*n-62-20-2>, in queue <gpuv100>, as user <msaca> in cluster <dcc> at Mon Jan 13 20:01:31 2025
</zhome/71/c/146676> was used as the home directory.
</zhome/71/c/146676/main> was used as the working directory.
Started at Mon Jan 13 20:01:31 2025
Terminated at Mon Jan 13 20:15:58 2025
Results reported at Mon Jan 13 20:15:58 2025

Your job looked like:

------------------------------------------------------------
# LSBATCH: User input
#!/bin/bash
# embedded options to bsub - start with #BSUB
# -- name ---
#BSUB -J Recon
# -- choose queue --
# For gpu write gpuv100
#BSUB -q gpuv100
#BSUB -gpu "num=1"
#BSUB -e my_job_error1.log
#BSUB -o my_job_output1.log
#BSUB -M 16000
#BSUB -R "rusage[mem=16000]"
# -- estimated wall clock time (execution time): hh:mm -- 
#BSUB -W 24:00 
# -- Number of cores requested -- 
#BSUB -n 4
# -- Specify the distribution of the cores: on a separate nodes --
#BSUB -R "span[hosts=1]"
# Array job: N tasks, one per folder
#BSUB -J folder_job[1-100]
# -- end of LSF options -- 

source /zhome/71/c/146676/miniconda3/bin/activate && conda activate cil5


THRESHOLD="0.5"
SIZE="7"
DECNUM="5"
WNAME="10"
SIGMA="0.3"
ALPHA="100.0"
NUM_PROC="100"

# Export variables to make them available to the Python script
export THRESHOLD
export SIZE
export DECNUM
export WNAME
export SIGMA
export ALPHA
export BETA
export DELTA
export NUM_PROC

# python -c "from reconstructor_NA import recon_FBP_single; recon_FBP_single($LSB_JOBINDEX)"
# python -c "from reconstructor_NA import recon_FBP_multi; recon_FBP_multi($LSB_JOBINDEX)"
# python -c "from reconstructor_NA import recon_TV_single; recon_TV_single($LSB_JOBINDEX)"
python -c "from reconstructor_NA import recon_TV_multi; recon_TV_multi($LSB_JOBINDEX)"


------------------------------------------------------------

Successfully completed.

Resource usage summary:

    CPU time :                                   933.00 sec.
    Max Memory :                                 2097 MB
    Average Memory :                             1898.88 MB
    Total Requested Memory :                     64000.00 MB
    Delta Memory :                               61903.00 MB
    Max Swap :                                   -
    Max Processes :                              4
    Max Threads :                                21
    Run time :                                   867 sec.
    Turnaround time :                            868 sec.

The output (if any) is above this job summary.



PS:

Read file <my_job_error1.log> for stderr output of this job.

Reconstruction time: 854.90 seconds
Writing time: 8.18 seconds

------------------------------------------------------------
Sender: LSF System <lsfadmin@hpc.dtu.dk>
Subject: Job 23674221[2]: <folder_job[1-100]> in cluster <dcc> Done

Job <folder_job[1-100]> was submitted from host <gbarlogin1> by user <msaca> in cluster <dcc> at Mon Jan 13 20:01:30 2025
Job was executed on host(s) <4*n-62-20-3>, in queue <gpuv100>, as user <msaca> in cluster <dcc> at Mon Jan 13 20:01:31 2025
</zhome/71/c/146676> was used as the home directory.
</zhome/71/c/146676/main> was used as the working directory.
Started at Mon Jan 13 20:01:31 2025
Terminated at Mon Jan 13 20:16:00 2025
Results reported at Mon Jan 13 20:16:00 2025

Your job looked like:

------------------------------------------------------------
# LSBATCH: User input
#!/bin/bash
# embedded options to bsub - start with #BSUB
# -- name ---
#BSUB -J Recon
# -- choose queue --
# For gpu write gpuv100
#BSUB -q gpuv100
#BSUB -gpu "num=1"
#BSUB -e my_job_error1.log
#BSUB -o my_job_output1.log
#BSUB -M 16000
#BSUB -R "rusage[mem=16000]"
# -- estimated wall clock time (execution time): hh:mm -- 
#BSUB -W 24:00 
# -- Number of cores requested -- 
#BSUB -n 4
# -- Specify the distribution of the cores: on a separate nodes --
#BSUB -R "span[hosts=1]"
# Array job: N tasks, one per folder
#BSUB -J folder_job[1-100]
# -- end of LSF options -- 

source /zhome/71/c/146676/miniconda3/bin/activate && conda activate cil5


THRESHOLD="0.5"
SIZE="7"
DECNUM="5"
WNAME="10"
SIGMA="0.3"
ALPHA="100.0"
NUM_PROC="100"

# Export variables to make them available to the Python script
export THRESHOLD
export SIZE
export DECNUM
export WNAME
export SIGMA
export ALPHA
export BETA
export DELTA
export NUM_PROC

# python -c "from reconstructor_NA import recon_FBP_single; recon_FBP_single($LSB_JOBINDEX)"
# python -c "from reconstructor_NA import recon_FBP_multi; recon_FBP_multi($LSB_JOBINDEX)"
# python -c "from reconstructor_NA import recon_TV_single; recon_TV_single($LSB_JOBINDEX)"
python -c "from reconstructor_NA import recon_TV_multi; recon_TV_multi($LSB_JOBINDEX)"


------------------------------------------------------------

Successfully completed.

Resource usage summary:

    CPU time :                                   936.00 sec.
    Max Memory :                                 2282 MB
    Average Memory :                             1969.25 MB
    Total Requested Memory :                     64000.00 MB
    Delta Memory :                               61718.00 MB
    Max Swap :                                   -
    Max Processes :                              4
    Max Threads :                                21
    Run time :                                   880 sec.
    Turnaround time :                            870 sec.

The output (if any) is above this job summary.



PS:

Read file <my_job_error1.log> for stderr output of this job.

Reconstruction time: 858.34 seconds
Writing time: 8.06 seconds

------------------------------------------------------------
Sender: LSF System <lsfadmin@hpc.dtu.dk>
Subject: Job 23674221[3]: <folder_job[1-100]> in cluster <dcc> Done

Job <folder_job[1-100]> was submitted from host <gbarlogin1> by user <msaca> in cluster <dcc> at Mon Jan 13 20:01:30 2025
Job was executed on host(s) <4*n-62-20-3>, in queue <gpuv100>, as user <msaca> in cluster <dcc> at Mon Jan 13 20:01:31 2025
</zhome/71/c/146676> was used as the home directory.
</zhome/71/c/146676/main> was used as the working directory.
Started at Mon Jan 13 20:01:31 2025
Terminated at Mon Jan 13 20:16:05 2025
Results reported at Mon Jan 13 20:16:05 2025

Your job looked like:

------------------------------------------------------------
# LSBATCH: User input
#!/bin/bash
# embedded options to bsub - start with #BSUB
# -- name ---
#BSUB -J Recon
# -- choose queue --
# For gpu write gpuv100
#BSUB -q gpuv100
#BSUB -gpu "num=1"
#BSUB -e my_job_error1.log
#BSUB -o my_job_output1.log
#BSUB -M 16000
#BSUB -R "rusage[mem=16000]"
# -- estimated wall clock time (execution time): hh:mm -- 
#BSUB -W 24:00 
# -- Number of cores requested -- 
#BSUB -n 4
# -- Specify the distribution of the cores: on a separate nodes --
#BSUB -R "span[hosts=1]"
# Array job: N tasks, one per folder
#BSUB -J folder_job[1-100]
# -- end of LSF options -- 

source /zhome/71/c/146676/miniconda3/bin/activate && conda activate cil5


THRESHOLD="0.5"
SIZE="7"
DECNUM="5"
WNAME="10"
SIGMA="0.3"
ALPHA="100.0"
NUM_PROC="100"

# Export variables to make them available to the Python script
export THRESHOLD
export SIZE
export DECNUM
export WNAME
export SIGMA
export ALPHA
export BETA
export DELTA
export NUM_PROC

# python -c "from reconstructor_NA import recon_FBP_single; recon_FBP_single($LSB_JOBINDEX)"
# python -c "from reconstructor_NA import recon_FBP_multi; recon_FBP_multi($LSB_JOBINDEX)"
# python -c "from reconstructor_NA import recon_TV_single; recon_TV_single($LSB_JOBINDEX)"
python -c "from reconstructor_NA import recon_TV_multi; recon_TV_multi($LSB_JOBINDEX)"


------------------------------------------------------------

Successfully completed.

Resource usage summary:

    CPU time :                                   939.00 sec.
    Max Memory :                                 2283 MB
    Average Memory :                             1967.12 MB
    Total Requested Memory :                     64000.00 MB
    Delta Memory :                               61717.00 MB
    Max Swap :                                   -
    Max Processes :                              4
    Max Threads :                                21
    Run time :                                   885 sec.
    Turnaround time :                            875 sec.

The output (if any) is above this job summary.



PS:

Read file <my_job_error1.log> for stderr output of this job.

Initiating batch TV reconstruction from saved sinograms
Data loading time: 2.02 seconds
Initiating batch TV reconstruction from saved sinograms
Data loading time: 1.97 seconds
Reconstruction time: 851.75 seconds
Writing time: 6.99 seconds

------------------------------------------------------------
Sender: LSF System <lsfadmin@hpc.dtu.dk>
Subject: Job 23674221[5]: <folder_job[1-100]> in cluster <dcc> Done

Job <folder_job[1-100]> was submitted from host <gbarlogin1> by user <msaca> in cluster <dcc> at Mon Jan 13 20:01:30 2025
Job was executed on host(s) <4*n-62-20-5>, in queue <gpuv100>, as user <msaca> in cluster <dcc> at Mon Jan 13 20:15:58 2025
</zhome/71/c/146676> was used as the home directory.
</zhome/71/c/146676/main> was used as the working directory.
Started at Mon Jan 13 20:15:58 2025
Terminated at Mon Jan 13 20:30:24 2025
Results reported at Mon Jan 13 20:30:24 2025

Your job looked like:

------------------------------------------------------------
# LSBATCH: User input
#!/bin/bash
# embedded options to bsub - start with #BSUB
# -- name ---
#BSUB -J Recon
# -- choose queue --
# For gpu write gpuv100
#BSUB -q gpuv100
#BSUB -gpu "num=1"
#BSUB -e my_job_error1.log
#BSUB -o my_job_output1.log
#BSUB -M 16000
#BSUB -R "rusage[mem=16000]"
# -- estimated wall clock time (execution time): hh:mm -- 
#BSUB -W 24:00 
# -- Number of cores requested -- 
#BSUB -n 4
# -- Specify the distribution of the cores: on a separate nodes --
#BSUB -R "span[hosts=1]"
# Array job: N tasks, one per folder
#BSUB -J folder_job[1-100]
# -- end of LSF options -- 

source /zhome/71/c/146676/miniconda3/bin/activate && conda activate cil5


THRESHOLD="0.5"
SIZE="7"
DECNUM="5"
WNAME="10"
SIGMA="0.3"
ALPHA="100.0"
NUM_PROC="100"

# Export variables to make them available to the Python script
export THRESHOLD
export SIZE
export DECNUM
export WNAME
export SIGMA
export ALPHA
export BETA
export DELTA
export NUM_PROC

# python -c "from reconstructor_NA import recon_FBP_single; recon_FBP_single($LSB_JOBINDEX)"
# python -c "from reconstructor_NA import recon_FBP_multi; recon_FBP_multi($LSB_JOBINDEX)"
# python -c "from reconstructor_NA import recon_TV_single; recon_TV_single($LSB_JOBINDEX)"
python -c "from reconstructor_NA import recon_TV_multi; recon_TV_multi($LSB_JOBINDEX)"


------------------------------------------------------------

Successfully completed.

Resource usage summary:

    CPU time :                                   932.00 sec.
    Max Memory :                                 2184 MB
    Average Memory :                             1968.25 MB
    Total Requested Memory :                     64000.00 MB
    Delta Memory :                               61816.00 MB
    Max Swap :                                   -
    Max Processes :                              4
    Max Threads :                                21
    Run time :                                   867 sec.
    Turnaround time :                            1734 sec.

The output (if any) is above this job summary.



PS:

Read file <my_job_error1.log> for stderr output of this job.

Reconstruction time: 852.82 seconds
Writing time: 7.21 seconds

------------------------------------------------------------
Sender: LSF System <lsfadmin@hpc.dtu.dk>
Subject: Job 23674221[6]: <folder_job[1-100]> in cluster <dcc> Done

Job <folder_job[1-100]> was submitted from host <gbarlogin1> by user <msaca> in cluster <dcc> at Mon Jan 13 20:01:30 2025
Job was executed on host(s) <4*n-62-20-2>, in queue <gpuv100>, as user <msaca> in cluster <dcc> at Mon Jan 13 20:15:58 2025
</zhome/71/c/146676> was used as the home directory.
</zhome/71/c/146676/main> was used as the working directory.
Started at Mon Jan 13 20:15:58 2025
Terminated at Mon Jan 13 20:30:25 2025
Results reported at Mon Jan 13 20:30:25 2025

Your job looked like:

------------------------------------------------------------
# LSBATCH: User input
#!/bin/bash
# embedded options to bsub - start with #BSUB
# -- name ---
#BSUB -J Recon
# -- choose queue --
# For gpu write gpuv100
#BSUB -q gpuv100
#BSUB -gpu "num=1"
#BSUB -e my_job_error1.log
#BSUB -o my_job_output1.log
#BSUB -M 16000
#BSUB -R "rusage[mem=16000]"
# -- estimated wall clock time (execution time): hh:mm -- 
#BSUB -W 24:00 
# -- Number of cores requested -- 
#BSUB -n 4
# -- Specify the distribution of the cores: on a separate nodes --
#BSUB -R "span[hosts=1]"
# Array job: N tasks, one per folder
#BSUB -J folder_job[1-100]
# -- end of LSF options -- 

source /zhome/71/c/146676/miniconda3/bin/activate && conda activate cil5


THRESHOLD="0.5"
SIZE="7"
DECNUM="5"
WNAME="10"
SIGMA="0.3"
ALPHA="100.0"
NUM_PROC="100"

# Export variables to make them available to the Python script
export THRESHOLD
export SIZE
export DECNUM
export WNAME
export SIGMA
export ALPHA
export BETA
export DELTA
export NUM_PROC

# python -c "from reconstructor_NA import recon_FBP_single; recon_FBP_single($LSB_JOBINDEX)"
# python -c "from reconstructor_NA import recon_FBP_multi; recon_FBP_multi($LSB_JOBINDEX)"
# python -c "from reconstructor_NA import recon_TV_single; recon_TV_single($LSB_JOBINDEX)"
python -c "from reconstructor_NA import recon_TV_multi; recon_TV_multi($LSB_JOBINDEX)"


------------------------------------------------------------

Successfully completed.

Resource usage summary:

    CPU time :                                   932.00 sec.
    Max Memory :                                 2180 MB
    Average Memory :                             1962.75 MB
    Total Requested Memory :                     64000.00 MB
    Delta Memory :                               61820.00 MB
    Max Swap :                                   -
    Max Processes :                              4
    Max Threads :                                21
    Run time :                                   867 sec.
    Turnaround time :                            1735 sec.

The output (if any) is above this job summary.



PS:

Read file <my_job_error1.log> for stderr output of this job.

Reconstruction time: 855.03 seconds
Writing time: 7.24 seconds

------------------------------------------------------------
Sender: LSF System <lsfadmin@hpc.dtu.dk>
Subject: Job 23674221[7]: <folder_job[1-100]> in cluster <dcc> Done

Job <folder_job[1-100]> was submitted from host <gbarlogin1> by user <msaca> in cluster <dcc> at Mon Jan 13 20:01:30 2025
Job was executed on host(s) <4*n-62-20-3>, in queue <gpuv100>, as user <msaca> in cluster <dcc> at Mon Jan 13 20:16:00 2025
</zhome/71/c/146676> was used as the home directory.
</zhome/71/c/146676/main> was used as the working directory.
Started at Mon Jan 13 20:16:00 2025
Terminated at Mon Jan 13 20:30:31 2025
Results reported at Mon Jan 13 20:30:31 2025

Your job looked like:

------------------------------------------------------------
# LSBATCH: User input
#!/bin/bash
# embedded options to bsub - start with #BSUB
# -- name ---
#BSUB -J Recon
# -- choose queue --
# For gpu write gpuv100
#BSUB -q gpuv100
#BSUB -gpu "num=1"
#BSUB -e my_job_error1.log
#BSUB -o my_job_output1.log
#BSUB -M 16000
#BSUB -R "rusage[mem=16000]"
# -- estimated wall clock time (execution time): hh:mm -- 
#BSUB -W 24:00 
# -- Number of cores requested -- 
#BSUB -n 4
# -- Specify the distribution of the cores: on a separate nodes --
#BSUB -R "span[hosts=1]"
# Array job: N tasks, one per folder
#BSUB -J folder_job[1-100]
# -- end of LSF options -- 

source /zhome/71/c/146676/miniconda3/bin/activate && conda activate cil5


THRESHOLD="0.5"
SIZE="7"
DECNUM="5"
WNAME="10"
SIGMA="0.3"
ALPHA="100.0"
NUM_PROC="100"

# Export variables to make them available to the Python script
export THRESHOLD
export SIZE
export DECNUM
export WNAME
export SIGMA
export ALPHA
export BETA
export DELTA
export NUM_PROC

# python -c "from reconstructor_NA import recon_FBP_single; recon_FBP_single($LSB_JOBINDEX)"
# python -c "from reconstructor_NA import recon_FBP_multi; recon_FBP_multi($LSB_JOBINDEX)"
# python -c "from reconstructor_NA import recon_TV_single; recon_TV_single($LSB_JOBINDEX)"
python -c "from reconstructor_NA import recon_TV_multi; recon_TV_multi($LSB_JOBINDEX)"


------------------------------------------------------------

Successfully completed.

Resource usage summary:

    CPU time :                                   936.00 sec.
    Max Memory :                                 2284 MB
    Average Memory :                             1681.88 MB
    Total Requested Memory :                     64000.00 MB
    Delta Memory :                               61716.00 MB
    Max Swap :                                   -
    Max Processes :                              4
    Max Threads :                                21
    Run time :                                   871 sec.
    Turnaround time :                            1741 sec.

The output (if any) is above this job summary.



PS:

Read file <my_job_error1.log> for stderr output of this job.

Reconstruction time: 860.27 seconds
Writing time: 8.77 seconds

------------------------------------------------------------
Sender: LSF System <lsfadmin@hpc.dtu.dk>
Subject: Job 23674221[8]: <folder_job[1-100]> in cluster <dcc> Done

Job <folder_job[1-100]> was submitted from host <gbarlogin1> by user <msaca> in cluster <dcc> at Mon Jan 13 20:01:30 2025
Job was executed on host(s) <4*n-62-20-3>, in queue <gpuv100>, as user <msaca> in cluster <dcc> at Mon Jan 13 20:16:07 2025
</zhome/71/c/146676> was used as the home directory.
</zhome/71/c/146676/main> was used as the working directory.
Started at Mon Jan 13 20:16:07 2025
Terminated at Mon Jan 13 20:30:43 2025
Results reported at Mon Jan 13 20:30:43 2025

Your job looked like:

------------------------------------------------------------
# LSBATCH: User input
#!/bin/bash
# embedded options to bsub - start with #BSUB
# -- name ---
#BSUB -J Recon
# -- choose queue --
# For gpu write gpuv100
#BSUB -q gpuv100
#BSUB -gpu "num=1"
#BSUB -e my_job_error1.log
#BSUB -o my_job_output1.log
#BSUB -M 16000
#BSUB -R "rusage[mem=16000]"
# -- estimated wall clock time (execution time): hh:mm -- 
#BSUB -W 24:00 
# -- Number of cores requested -- 
#BSUB -n 4
# -- Specify the distribution of the cores: on a separate nodes --
#BSUB -R "span[hosts=1]"
# Array job: N tasks, one per folder
#BSUB -J folder_job[1-100]
# -- end of LSF options -- 

source /zhome/71/c/146676/miniconda3/bin/activate && conda activate cil5


THRESHOLD="0.5"
SIZE="7"
DECNUM="5"
WNAME="10"
SIGMA="0.3"
ALPHA="100.0"
NUM_PROC="100"

# Export variables to make them available to the Python script
export THRESHOLD
export SIZE
export DECNUM
export WNAME
export SIGMA
export ALPHA
export BETA
export DELTA
export NUM_PROC

# python -c "from reconstructor_NA import recon_FBP_single; recon_FBP_single($LSB_JOBINDEX)"
# python -c "from reconstructor_NA import recon_FBP_multi; recon_FBP_multi($LSB_JOBINDEX)"
# python -c "from reconstructor_NA import recon_TV_single; recon_TV_single($LSB_JOBINDEX)"
python -c "from reconstructor_NA import recon_TV_multi; recon_TV_multi($LSB_JOBINDEX)"


------------------------------------------------------------

Successfully completed.

Resource usage summary:

    CPU time :                                   941.00 sec.
    Max Memory :                                 2034 MB
    Average Memory :                             1866.25 MB
    Total Requested Memory :                     64000.00 MB
    Delta Memory :                               61966.00 MB
    Max Swap :                                   -
    Max Processes :                              4
    Max Threads :                                21
    Run time :                                   878 sec.
    Turnaround time :                            1753 sec.

The output (if any) is above this job summary.



PS:

Read file <my_job_error1.log> for stderr output of this job.

                                                                                         Initiating batch TV reconstruction from saved sinograms
Data loading time: 14.31 seconds
Initiating batch TV reconstruction from saved sinograms
Data loading time: 12.77 seconds
Reconstruction time: 850.37 seconds
Writing time: 10.56 seconds

------------------------------------------------------------
Sender: LSF System <lsfadmin@hpc.dtu.dk>
Subject: Job 23674221[9]: <folder_job[1-100]> in cluster <dcc> Done

Job <folder_job[1-100]> was submitted from host <gbarlogin1> by user <msaca> in cluster <dcc> at Mon Jan 13 20:01:30 2025
Job was executed on host(s) <4*n-62-20-5>, in queue <gpuv100>, as user <msaca> in cluster <dcc> at Mon Jan 13 20:30:26 2025
</zhome/71/c/146676> was used as the home directory.
</zhome/71/c/146676/main> was used as the working directory.
Started at Mon Jan 13 20:30:26 2025
Terminated at Mon Jan 13 20:45:03 2025
Results reported at Mon Jan 13 20:45:03 2025

Your job looked like:

------------------------------------------------------------
# LSBATCH: User input
#!/bin/bash
# embedded options to bsub - start with #BSUB
# -- name ---
#BSUB -J Recon
# -- choose queue --
# For gpu write gpuv100
#BSUB -q gpuv100
#BSUB -gpu "num=1"
#BSUB -e my_job_error1.log
#BSUB -o my_job_output1.log
#BSUB -M 16000
#BSUB -R "rusage[mem=16000]"
# -- estimated wall clock time (execution time): hh:mm -- 
#BSUB -W 24:00 
# -- Number of cores requested -- 
#BSUB -n 4
# -- Specify the distribution of the cores: on a separate nodes --
#BSUB -R "span[hosts=1]"
# Array job: N tasks, one per folder
#BSUB -J folder_job[1-100]
# -- end of LSF options -- 

source /zhome/71/c/146676/miniconda3/bin/activate && conda activate cil5


THRESHOLD="0.5"
SIZE="7"
DECNUM="5"
WNAME="10"
SIGMA="0.3"
ALPHA="100.0"
NUM_PROC="100"

# Export variables to make them available to the Python script
export THRESHOLD
export SIZE
export DECNUM
export WNAME
export SIGMA
export ALPHA
export BETA
export DELTA
export NUM_PROC

# python -c "from reconstructor_NA import recon_FBP_single; recon_FBP_single($LSB_JOBINDEX)"
# python -c "from reconstructor_NA import recon_FBP_multi; recon_FBP_multi($LSB_JOBINDEX)"
# python -c "from reconstructor_NA import recon_TV_single; recon_TV_single($LSB_JOBINDEX)"
python -c "from reconstructor_NA import recon_TV_multi; recon_TV_multi($LSB_JOBINDEX)"


------------------------------------------------------------

Successfully completed.

Resource usage summary:

    CPU time :                                   930.00 sec.
    Max Memory :                                 2038 MB
    Average Memory :                             1734.89 MB
    Total Requested Memory :                     64000.00 MB
    Delta Memory :                               61962.00 MB
    Max Swap :                                   -
    Max Processes :                              4
    Max Threads :                                21
    Run time :                                   879 sec.
    Turnaround time :                            2613 sec.

The output (if any) is above this job summary.



PS:

Read file <my_job_error1.log> for stderr output of this job.

Reconstruction time: 851.39 seconds
Writing time: 11.39 seconds

------------------------------------------------------------
Sender: LSF System <lsfadmin@hpc.dtu.dk>
Subject: Job 23674221[10]: <folder_job[1-100]> in cluster <dcc> Done

Job <folder_job[1-100]> was submitted from host <gbarlogin1> by user <msaca> in cluster <dcc> at Mon Jan 13 20:01:30 2025
Job was executed on host(s) <4*n-62-20-2>, in queue <gpuv100>, as user <msaca> in cluster <dcc> at Mon Jan 13 20:30:26 2025
</zhome/71/c/146676> was used as the home directory.
</zhome/71/c/146676/main> was used as the working directory.
Started at Mon Jan 13 20:30:26 2025
Terminated at Mon Jan 13 20:45:09 2025
Results reported at Mon Jan 13 20:45:09 2025

Your job looked like:

------------------------------------------------------------
# LSBATCH: User input
#!/bin/bash
# embedded options to bsub - start with #BSUB
# -- name ---
#BSUB -J Recon
# -- choose queue --
# For gpu write gpuv100
#BSUB -q gpuv100
#BSUB -gpu "num=1"
#BSUB -e my_job_error1.log
#BSUB -o my_job_output1.log
#BSUB -M 16000
#BSUB -R "rusage[mem=16000]"
# -- estimated wall clock time (execution time): hh:mm -- 
#BSUB -W 24:00 
# -- Number of cores requested -- 
#BSUB -n 4
# -- Specify the distribution of the cores: on a separate nodes --
#BSUB -R "span[hosts=1]"
# Array job: N tasks, one per folder
#BSUB -J folder_job[1-100]
# -- end of LSF options -- 

source /zhome/71/c/146676/miniconda3/bin/activate && conda activate cil5


THRESHOLD="0.5"
SIZE="7"
DECNUM="5"
WNAME="10"
SIGMA="0.3"
ALPHA="100.0"
NUM_PROC="100"

# Export variables to make them available to the Python script
export THRESHOLD
export SIZE
export DECNUM
export WNAME
export SIGMA
export ALPHA
export BETA
export DELTA
export NUM_PROC

# python -c "from reconstructor_NA import recon_FBP_single; recon_FBP_single($LSB_JOBINDEX)"
# python -c "from reconstructor_NA import recon_FBP_multi; recon_FBP_multi($LSB_JOBINDEX)"
# python -c "from reconstructor_NA import recon_TV_single; recon_TV_single($LSB_JOBINDEX)"
python -c "from reconstructor_NA import recon_TV_multi; recon_TV_multi($LSB_JOBINDEX)"


------------------------------------------------------------

Successfully completed.

Resource usage summary:

    CPU time :                                   931.00 sec.
    Max Memory :                                 2036 MB
    Average Memory :                             1646.22 MB
    Total Requested Memory :                     64000.00 MB
    Delta Memory :                               61964.00 MB
    Max Swap :                                   -
    Max Processes :                              4
    Max Threads :                                21
    Run time :                                   884 sec.
    Turnaround time :                            2619 sec.

The output (if any) is above this job summary.



PS:

Read file <my_job_error1.log> for stderr output of this job.

Reconstruction time: 853.37 seconds
Writing time: 11.15 seconds

------------------------------------------------------------
Sender: LSF System <lsfadmin@hpc.dtu.dk>
Subject: Job 23674221[11]: <folder_job[1-100]> in cluster <dcc> Done

Job <folder_job[1-100]> was submitted from host <gbarlogin1> by user <msaca> in cluster <dcc> at Mon Jan 13 20:01:30 2025
Job was executed on host(s) <4*n-62-20-3>, in queue <gpuv100>, as user <msaca> in cluster <dcc> at Mon Jan 13 20:30:31 2025
</zhome/71/c/146676> was used as the home directory.
</zhome/71/c/146676/main> was used as the working directory.
Started at Mon Jan 13 20:30:31 2025
Terminated at Mon Jan 13 20:45:14 2025
Results reported at Mon Jan 13 20:45:14 2025

Your job looked like:

------------------------------------------------------------
# LSBATCH: User input
#!/bin/bash
# embedded options to bsub - start with #BSUB
# -- name ---
#BSUB -J Recon
# -- choose queue --
# For gpu write gpuv100
#BSUB -q gpuv100
#BSUB -gpu "num=1"
#BSUB -e my_job_error1.log
#BSUB -o my_job_output1.log
#BSUB -M 16000
#BSUB -R "rusage[mem=16000]"
# -- estimated wall clock time (execution time): hh:mm -- 
#BSUB -W 24:00 
# -- Number of cores requested -- 
#BSUB -n 4
# -- Specify the distribution of the cores: on a separate nodes --
#BSUB -R "span[hosts=1]"
# Array job: N tasks, one per folder
#BSUB -J folder_job[1-100]
# -- end of LSF options -- 

source /zhome/71/c/146676/miniconda3/bin/activate && conda activate cil5


THRESHOLD="0.5"
SIZE="7"
DECNUM="5"
WNAME="10"
SIGMA="0.3"
ALPHA="100.0"
NUM_PROC="100"

# Export variables to make them available to the Python script
export THRESHOLD
export SIZE
export DECNUM
export WNAME
export SIGMA
export ALPHA
export BETA
export DELTA
export NUM_PROC

# python -c "from reconstructor_NA import recon_FBP_single; recon_FBP_single($LSB_JOBINDEX)"
# python -c "from reconstructor_NA import recon_FBP_multi; recon_FBP_multi($LSB_JOBINDEX)"
# python -c "from reconstructor_NA import recon_TV_single; recon_TV_single($LSB_JOBINDEX)"
python -c "from reconstructor_NA import recon_TV_multi; recon_TV_multi($LSB_JOBINDEX)"


------------------------------------------------------------

Successfully completed.

Resource usage summary:

    CPU time :                                   934.00 sec.
    Max Memory :                                 2185 MB
    Average Memory :                             1753.33 MB
    Total Requested Memory :                     64000.00 MB
    Delta Memory :                               61815.00 MB
    Max Swap :                                   -
    Max Processes :                              4
    Max Threads :                                21
    Run time :                                   883 sec.
    Turnaround time :                            2624 sec.

The output (if any) is above this job summary.



PS:

Read file <my_job_error1.log> for stderr output of this job.

Reconstruction time: 857.29 seconds
Writing time: 10.31 seconds

------------------------------------------------------------
Sender: LSF System <lsfadmin@hpc.dtu.dk>
Subject: Job 23674221[12]: <folder_job[1-100]> in cluster <dcc> Done

Job <folder_job[1-100]> was submitted from host <gbarlogin1> by user <msaca> in cluster <dcc> at Mon Jan 13 20:01:30 2025
Job was executed on host(s) <4*n-62-20-3>, in queue <gpuv100>, as user <msaca> in cluster <dcc> at Mon Jan 13 20:30:45 2025
</zhome/71/c/146676> was used as the home directory.
</zhome/71/c/146676/main> was used as the working directory.
Started at Mon Jan 13 20:30:45 2025
Terminated at Mon Jan 13 20:45:31 2025
Results reported at Mon Jan 13 20:45:31 2025

Your job looked like:

------------------------------------------------------------
# LSBATCH: User input
#!/bin/bash
# embedded options to bsub - start with #BSUB
# -- name ---
#BSUB -J Recon
# -- choose queue --
# For gpu write gpuv100
#BSUB -q gpuv100
#BSUB -gpu "num=1"
#BSUB -e my_job_error1.log
#BSUB -o my_job_output1.log
#BSUB -M 16000
#BSUB -R "rusage[mem=16000]"
# -- estimated wall clock time (execution time): hh:mm -- 
#BSUB -W 24:00 
# -- Number of cores requested -- 
#BSUB -n 4
# -- Specify the distribution of the cores: on a separate nodes --
#BSUB -R "span[hosts=1]"
# Array job: N tasks, one per folder
#BSUB -J folder_job[1-100]
# -- end of LSF options -- 

source /zhome/71/c/146676/miniconda3/bin/activate && conda activate cil5


THRESHOLD="0.5"
SIZE="7"
DECNUM="5"
WNAME="10"
SIGMA="0.3"
ALPHA="100.0"
NUM_PROC="100"

# Export variables to make them available to the Python script
export THRESHOLD
export SIZE
export DECNUM
export WNAME
export SIGMA
export ALPHA
export BETA
export DELTA
export NUM_PROC

# python -c "from reconstructor_NA import recon_FBP_single; recon_FBP_single($LSB_JOBINDEX)"
# python -c "from reconstructor_NA import recon_FBP_multi; recon_FBP_multi($LSB_JOBINDEX)"
# python -c "from reconstructor_NA import recon_TV_single; recon_TV_single($LSB_JOBINDEX)"
python -c "from reconstructor_NA import recon_TV_multi; recon_TV_multi($LSB_JOBINDEX)"


------------------------------------------------------------

Successfully completed.

Resource usage summary:

    CPU time :                                   939.00 sec.
    Max Memory :                                 2032 MB
    Average Memory :                             1720.50 MB
    Total Requested Memory :                     64000.00 MB
    Delta Memory :                               61968.00 MB
    Max Swap :                                   -
    Max Processes :                              4
    Max Threads :                                21
    Run time :                                   888 sec.
    Turnaround time :                            2641 sec.

The output (if any) is above this job summary.



PS:

Read file <my_job_error1.log> for stderr output of this job.

Initiating batch TV reconstruction from saved sinograms
Data loading time: 10.89 seconds
Initiating batch TV reconstruction from saved sinograms
Data loading time: 15.51 seconds
Initiating batch TV reconstruction from saved sinograms
Data loading time: 13.89 seconds
Reconstruction time: 850.11 seconds
Writing time: 10.57 seconds

------------------------------------------------------------
Sender: LSF System <lsfadmin@hpc.dtu.dk>
Subject: Job 23674221[13]: <folder_job[1-100]> in cluster <dcc> Done

Job <folder_job[1-100]> was submitted from host <gbarlogin1> by user <msaca> in cluster <dcc> at Mon Jan 13 20:01:30 2025
Job was executed on host(s) <4*n-62-20-5>, in queue <gpuv100>, as user <msaca> in cluster <dcc> at Mon Jan 13 20:45:05 2025
</zhome/71/c/146676> was used as the home directory.
</zhome/71/c/146676/main> was used as the working directory.
Started at Mon Jan 13 20:45:05 2025
Terminated at Mon Jan 13 20:59:43 2025
Results reported at Mon Jan 13 20:59:43 2025

Your job looked like:

------------------------------------------------------------
# LSBATCH: User input
#!/bin/bash
# embedded options to bsub - start with #BSUB
# -- name ---
#BSUB -J Recon
# -- choose queue --
# For gpu write gpuv100
#BSUB -q gpuv100
#BSUB -gpu "num=1"
#BSUB -e my_job_error1.log
#BSUB -o my_job_output1.log
#BSUB -M 16000
#BSUB -R "rusage[mem=16000]"
# -- estimated wall clock time (execution time): hh:mm -- 
#BSUB -W 24:00 
# -- Number of cores requested -- 
#BSUB -n 4
# -- Specify the distribution of the cores: on a separate nodes --
#BSUB -R "span[hosts=1]"
# Array job: N tasks, one per folder
#BSUB -J folder_job[1-100]
# -- end of LSF options -- 

source /zhome/71/c/146676/miniconda3/bin/activate && conda activate cil5


THRESHOLD="0.5"
SIZE="7"
DECNUM="5"
WNAME="10"
SIGMA="0.3"
ALPHA="100.0"
NUM_PROC="100"

# Export variables to make them available to the Python script
export THRESHOLD
export SIZE
export DECNUM
export WNAME
export SIGMA
export ALPHA
export BETA
export DELTA
export NUM_PROC

# python -c "from reconstructor_NA import recon_FBP_single; recon_FBP_single($LSB_JOBINDEX)"
# python -c "from reconstructor_NA import recon_FBP_multi; recon_FBP_multi($LSB_JOBINDEX)"
# python -c "from reconstructor_NA import recon_TV_single; recon_TV_single($LSB_JOBINDEX)"
python -c "from reconstructor_NA import recon_TV_multi; recon_TV_multi($LSB_JOBINDEX)"


------------------------------------------------------------

Successfully completed.

Resource usage summary:

    CPU time :                                   929.00 sec.
    Max Memory :                                 2043 MB
    Average Memory :                             1704.22 MB
    Total Requested Memory :                     64000.00 MB
    Delta Memory :                               61957.00 MB
    Max Swap :                                   -
    Max Processes :                              4
    Max Threads :                                21
    Run time :                                   880 sec.
    Turnaround time :                            3493 sec.

The output (if any) is above this job summary.



PS:

Read file <my_job_error1.log> for stderr output of this job.

Reconstruction time: 850.93 seconds
Writing time: 11.42 seconds

------------------------------------------------------------
Sender: LSF System <lsfadmin@hpc.dtu.dk>
Subject: Job 23674221[14]: <folder_job[1-100]> in cluster <dcc> Done

Job <folder_job[1-100]> was submitted from host <gbarlogin1> by user <msaca> in cluster <dcc> at Mon Jan 13 20:01:30 2025
Job was executed on host(s) <4*n-62-20-2>, in queue <gpuv100>, as user <msaca> in cluster <dcc> at Mon Jan 13 20:45:09 2025
</zhome/71/c/146676> was used as the home directory.
</zhome/71/c/146676/main> was used as the working directory.
Started at Mon Jan 13 20:45:09 2025
Terminated at Mon Jan 13 20:59:50 2025
Results reported at Mon Jan 13 20:59:50 2025

Your job looked like:

------------------------------------------------------------
# LSBATCH: User input
#!/bin/bash
# embedded options to bsub - start with #BSUB
# -- name ---
#BSUB -J Recon
# -- choose queue --
# For gpu write gpuv100
#BSUB -q gpuv100
#BSUB -gpu "num=1"
#BSUB -e my_job_error1.log
#BSUB -o my_job_output1.log
#BSUB -M 16000
#BSUB -R "rusage[mem=16000]"
# -- estimated wall clock time (execution time): hh:mm -- 
#BSUB -W 24:00 
# -- Number of cores requested -- 
#BSUB -n 4
# -- Specify the distribution of the cores: on a separate nodes --
#BSUB -R "span[hosts=1]"
# Array job: N tasks, one per folder
#BSUB -J folder_job[1-100]
# -- end of LSF options -- 

source /zhome/71/c/146676/miniconda3/bin/activate && conda activate cil5


THRESHOLD="0.5"
SIZE="7"
DECNUM="5"
WNAME="10"
SIGMA="0.3"
ALPHA="100.0"
NUM_PROC="100"

# Export variables to make them available to the Python script
export THRESHOLD
export SIZE
export DECNUM
export WNAME
export SIGMA
export ALPHA
export BETA
export DELTA
export NUM_PROC

# python -c "from reconstructor_NA import recon_FBP_single; recon_FBP_single($LSB_JOBINDEX)"
# python -c "from reconstructor_NA import recon_FBP_multi; recon_FBP_multi($LSB_JOBINDEX)"
# python -c "from reconstructor_NA import recon_TV_single; recon_TV_single($LSB_JOBINDEX)"
python -c "from reconstructor_NA import recon_TV_multi; recon_TV_multi($LSB_JOBINDEX)"


------------------------------------------------------------

Successfully completed.

Resource usage summary:

    CPU time :                                   931.00 sec.
    Max Memory :                                 2032 MB
    Average Memory :                             1782.67 MB
    Total Requested Memory :                     64000.00 MB
    Delta Memory :                               61968.00 MB
    Max Swap :                                   -
    Max Processes :                              4
    Max Threads :                                21
    Run time :                                   881 sec.
    Turnaround time :                            3500 sec.

The output (if any) is above this job summary.



PS:

Read file <my_job_error1.log> for stderr output of this job.

Reconstruction time: 854.70 seconds
Writing time: 10.20 seconds

------------------------------------------------------------
Sender: LSF System <lsfadmin@hpc.dtu.dk>
Subject: Job 23674221[15]: <folder_job[1-100]> in cluster <dcc> Done

Job <folder_job[1-100]> was submitted from host <gbarlogin1> by user <msaca> in cluster <dcc> at Mon Jan 13 20:01:30 2025
Job was executed on host(s) <4*n-62-20-3>, in queue <gpuv100>, as user <msaca> in cluster <dcc> at Mon Jan 13 20:45:16 2025
</zhome/71/c/146676> was used as the home directory.
</zhome/71/c/146676/main> was used as the working directory.
Started at Mon Jan 13 20:45:16 2025
Terminated at Mon Jan 13 21:00:02 2025
Results reported at Mon Jan 13 21:00:02 2025

Your job looked like:

------------------------------------------------------------
# LSBATCH: User input
#!/bin/bash
# embedded options to bsub - start with #BSUB
# -- name ---
#BSUB -J Recon
# -- choose queue --
# For gpu write gpuv100
#BSUB -q gpuv100
#BSUB -gpu "num=1"
#BSUB -e my_job_error1.log
#BSUB -o my_job_output1.log
#BSUB -M 16000
#BSUB -R "rusage[mem=16000]"
# -- estimated wall clock time (execution time): hh:mm -- 
#BSUB -W 24:00 
# -- Number of cores requested -- 
#BSUB -n 4
# -- Specify the distribution of the cores: on a separate nodes --
#BSUB -R "span[hosts=1]"
# Array job: N tasks, one per folder
#BSUB -J folder_job[1-100]
# -- end of LSF options -- 

source /zhome/71/c/146676/miniconda3/bin/activate && conda activate cil5


THRESHOLD="0.5"
SIZE="7"
DECNUM="5"
WNAME="10"
SIGMA="0.3"
ALPHA="100.0"
NUM_PROC="100"

# Export variables to make them available to the Python script
export THRESHOLD
export SIZE
export DECNUM
export WNAME
export SIGMA
export ALPHA
export BETA
export DELTA
export NUM_PROC

# python -c "from reconstructor_NA import recon_FBP_single; recon_FBP_single($LSB_JOBINDEX)"
# python -c "from reconstructor_NA import recon_FBP_multi; recon_FBP_multi($LSB_JOBINDEX)"
# python -c "from reconstructor_NA import recon_TV_single; recon_TV_single($LSB_JOBINDEX)"
python -c "from reconstructor_NA import recon_TV_multi; recon_TV_multi($LSB_JOBINDEX)"


------------------------------------------------------------

Successfully completed.

Resource usage summary:

    CPU time :                                   936.00 sec.
    Max Memory :                                 2039 MB
    Average Memory :                             1745.22 MB
    Total Requested Memory :                     64000.00 MB
    Delta Memory :                               61961.00 MB
    Max Swap :                                   -
    Max Processes :                              4
    Max Threads :                                21
    Run time :                                   887 sec.
    Turnaround time :                            3512 sec.

The output (if any) is above this job summary.



PS:

Read file <my_job_error1.log> for stderr output of this job.

                                                                                         Reconstruction time: 857.45 seconds
Writing time: 9.37 seconds

------------------------------------------------------------
Sender: LSF System <lsfadmin@hpc.dtu.dk>
Subject: Job 23674221[16]: <folder_job[1-100]> in cluster <dcc> Done

Job <folder_job[1-100]> was submitted from host <gbarlogin1> by user <msaca> in cluster <dcc> at Mon Jan 13 20:01:30 2025
Job was executed on host(s) <4*n-62-20-3>, in queue <gpuv100>, as user <msaca> in cluster <dcc> at Mon Jan 13 20:45:32 2025
</zhome/71/c/146676> was used as the home directory.
</zhome/71/c/146676/main> was used as the working directory.
Started at Mon Jan 13 20:45:32 2025
Terminated at Mon Jan 13 21:00:19 2025
Results reported at Mon Jan 13 21:00:19 2025

Your job looked like:

------------------------------------------------------------
# LSBATCH: User input
#!/bin/bash
# embedded options to bsub - start with #BSUB
# -- name ---
#BSUB -J Recon
# -- choose queue --
# For gpu write gpuv100
#BSUB -q gpuv100
#BSUB -gpu "num=1"
#BSUB -e my_job_error1.log
#BSUB -o my_job_output1.log
#BSUB -M 16000
#BSUB -R "rusage[mem=16000]"
# -- estimated wall clock time (execution time): hh:mm -- 
#BSUB -W 24:00 
# -- Number of cores requested -- 
#BSUB -n 4
# -- Specify the distribution of the cores: on a separate nodes --
#BSUB -R "span[hosts=1]"
# Array job: N tasks, one per folder
#BSUB -J folder_job[1-100]
# -- end of LSF options -- 

source /zhome/71/c/146676/miniconda3/bin/activate && conda activate cil5


THRESHOLD="0.5"
SIZE="7"
DECNUM="5"
WNAME="10"
SIGMA="0.3"
ALPHA="100.0"
NUM_PROC="100"

# Export variables to make them available to the Python script
export THRESHOLD
export SIZE
export DECNUM
export WNAME
export SIGMA
export ALPHA
export BETA
export DELTA
export NUM_PROC

# python -c "from reconstructor_NA import recon_FBP_single; recon_FBP_single($LSB_JOBINDEX)"
# python -c "from reconstructor_NA import recon_FBP_multi; recon_FBP_multi($LSB_JOBINDEX)"
# python -c "from reconstructor_NA import recon_TV_single; recon_TV_single($LSB_JOBINDEX)"
python -c "from reconstructor_NA import recon_TV_multi; recon_TV_multi($LSB_JOBINDEX)"


------------------------------------------------------------

Successfully completed.

Resource usage summary:

    CPU time :                                   939.00 sec.
    Max Memory :                                 2034 MB
    Average Memory :                             1712.33 MB
    Total Requested Memory :                     64000.00 MB
    Delta Memory :                               61966.00 MB
    Max Swap :                                   -
    Max Processes :                              4
    Max Threads :                                21
    Run time :                                   888 sec.
    Turnaround time :                            3529 sec.

The output (if any) is above this job summary.



PS:

Read file <my_job_error1.log> for stderr output of this job.

                                                                                         Initiating batch TV reconstruction from saved sinograms
Data loading time: 12.80 seconds
Initiating batch TV reconstruction from saved sinograms
Data loading time: 9.03 seconds
Reconstruction time: 850.99 seconds
Writing time: 10.55 seconds

------------------------------------------------------------
Sender: LSF System <lsfadmin@hpc.dtu.dk>
Subject: Job 23674221[17]: <folder_job[1-100]> in cluster <dcc> Done

Job <folder_job[1-100]> was submitted from host <gbarlogin1> by user <msaca> in cluster <dcc> at Mon Jan 13 20:01:30 2025
Job was executed on host(s) <4*n-62-20-5>, in queue <gpuv100>, as user <msaca> in cluster <dcc> at Mon Jan 13 20:59:43 2025
</zhome/71/c/146676> was used as the home directory.
</zhome/71/c/146676/main> was used as the working directory.
Started at Mon Jan 13 20:59:43 2025
Terminated at Mon Jan 13 21:14:22 2025
Results reported at Mon Jan 13 21:14:22 2025

Your job looked like:

------------------------------------------------------------
# LSBATCH: User input
#!/bin/bash
# embedded options to bsub - start with #BSUB
# -- name ---
#BSUB -J Recon
# -- choose queue --
# For gpu write gpuv100
#BSUB -q gpuv100
#BSUB -gpu "num=1"
#BSUB -e my_job_error1.log
#BSUB -o my_job_output1.log
#BSUB -M 16000
#BSUB -R "rusage[mem=16000]"
# -- estimated wall clock time (execution time): hh:mm -- 
#BSUB -W 24:00 
# -- Number of cores requested -- 
#BSUB -n 4
# -- Specify the distribution of the cores: on a separate nodes --
#BSUB -R "span[hosts=1]"
# Array job: N tasks, one per folder
#BSUB -J folder_job[1-100]
# -- end of LSF options -- 

source /zhome/71/c/146676/miniconda3/bin/activate && conda activate cil5


THRESHOLD="0.5"
SIZE="7"
DECNUM="5"
WNAME="10"
SIGMA="0.3"
ALPHA="100.0"
NUM_PROC="100"

# Export variables to make them available to the Python script
export THRESHOLD
export SIZE
export DECNUM
export WNAME
export SIGMA
export ALPHA
export BETA
export DELTA
export NUM_PROC

# python -c "from reconstructor_NA import recon_FBP_single; recon_FBP_single($LSB_JOBINDEX)"
# python -c "from reconstructor_NA import recon_FBP_multi; recon_FBP_multi($LSB_JOBINDEX)"
# python -c "from reconstructor_NA import recon_TV_single; recon_TV_single($LSB_JOBINDEX)"
python -c "from reconstructor_NA import recon_TV_multi; recon_TV_multi($LSB_JOBINDEX)"


------------------------------------------------------------

Successfully completed.

Resource usage summary:

    CPU time :                                   931.00 sec.
    Max Memory :                                 2180 MB
    Average Memory :                             1705.89 MB
    Total Requested Memory :                     64000.00 MB
    Delta Memory :                               61820.00 MB
    Max Swap :                                   -
    Max Processes :                              4
    Max Threads :                                21
    Run time :                                   879 sec.
    Turnaround time :                            4372 sec.

The output (if any) is above this job summary.



PS:

Read file <my_job_error1.log> for stderr output of this job.

Reconstruction time: 852.86 seconds
Writing time: 10.07 seconds

------------------------------------------------------------
Sender: LSF System <lsfadmin@hpc.dtu.dk>
Subject: Job 23674221[18]: <folder_job[1-100]> in cluster <dcc> Done

Job <folder_job[1-100]> was submitted from host <gbarlogin1> by user <msaca> in cluster <dcc> at Mon Jan 13 20:01:30 2025
Job was executed on host(s) <4*n-62-20-2>, in queue <gpuv100>, as user <msaca> in cluster <dcc> at Mon Jan 13 20:59:51 2025
</zhome/71/c/146676> was used as the home directory.
</zhome/71/c/146676/main> was used as the working directory.
Started at Mon Jan 13 20:59:51 2025
Terminated at Mon Jan 13 21:14:32 2025
Results reported at Mon Jan 13 21:14:32 2025

Your job looked like:

------------------------------------------------------------
# LSBATCH: User input
#!/bin/bash
# embedded options to bsub - start with #BSUB
# -- name ---
#BSUB -J Recon
# -- choose queue --
# For gpu write gpuv100
#BSUB -q gpuv100
#BSUB -gpu "num=1"
#BSUB -e my_job_error1.log
#BSUB -o my_job_output1.log
#BSUB -M 16000
#BSUB -R "rusage[mem=16000]"
# -- estimated wall clock time (execution time): hh:mm -- 
#BSUB -W 24:00 
# -- Number of cores requested -- 
#BSUB -n 4
# -- Specify the distribution of the cores: on a separate nodes --
#BSUB -R "span[hosts=1]"
# Array job: N tasks, one per folder
#BSUB -J folder_job[1-100]
# -- end of LSF options -- 

source /zhome/71/c/146676/miniconda3/bin/activate && conda activate cil5


THRESHOLD="0.5"
SIZE="7"
DECNUM="5"
WNAME="10"
SIGMA="0.3"
ALPHA="100.0"
NUM_PROC="100"

# Export variables to make them available to the Python script
export THRESHOLD
export SIZE
export DECNUM
export WNAME
export SIGMA
export ALPHA
export BETA
export DELTA
export NUM_PROC

# python -c "from reconstructor_NA import recon_FBP_single; recon_FBP_single($LSB_JOBINDEX)"
# python -c "from reconstructor_NA import recon_FBP_multi; recon_FBP_multi($LSB_JOBINDEX)"
# python -c "from reconstructor_NA import recon_TV_single; recon_TV_single($LSB_JOBINDEX)"
python -c "from reconstructor_NA import recon_TV_multi; recon_TV_multi($LSB_JOBINDEX)"


------------------------------------------------------------

Successfully completed.

Resource usage summary:

    CPU time :                                   933.00 sec.
    Max Memory :                                 2036 MB
    Average Memory :                             1713.44 MB
    Total Requested Memory :                     64000.00 MB
    Delta Memory :                               61964.00 MB
    Max Swap :                                   -
    Max Processes :                              4
    Max Threads :                                21
    Run time :                                   881 sec.
    Turnaround time :                            4382 sec.

The output (if any) is above this job summary.



PS:

Read file <my_job_error1.log> for stderr output of this job.

Reconstruction time: 852.41 seconds
Writing time: 12.97 seconds

------------------------------------------------------------
Sender: LSF System <lsfadmin@hpc.dtu.dk>
Subject: Job 23674221[19]: <folder_job[1-100]> in cluster <dcc> Done

Job <folder_job[1-100]> was submitted from host <gbarlogin1> by user <msaca> in cluster <dcc> at Mon Jan 13 20:01:30 2025
Job was executed on host(s) <4*n-62-20-3>, in queue <gpuv100>, as user <msaca> in cluster <dcc> at Mon Jan 13 21:00:04 2025
</zhome/71/c/146676> was used as the home directory.
</zhome/71/c/146676/main> was used as the working directory.
Started at Mon Jan 13 21:00:04 2025
Terminated at Mon Jan 13 21:14:47 2025
Results reported at Mon Jan 13 21:14:47 2025

Your job looked like:

------------------------------------------------------------
# LSBATCH: User input
#!/bin/bash
# embedded options to bsub - start with #BSUB
# -- name ---
#BSUB -J Recon
# -- choose queue --
# For gpu write gpuv100
#BSUB -q gpuv100
#BSUB -gpu "num=1"
#BSUB -e my_job_error1.log
#BSUB -o my_job_output1.log
#BSUB -M 16000
#BSUB -R "rusage[mem=16000]"
# -- estimated wall clock time (execution time): hh:mm -- 
#BSUB -W 24:00 
# -- Number of cores requested -- 
#BSUB -n 4
# -- Specify the distribution of the cores: on a separate nodes --
#BSUB -R "span[hosts=1]"
# Array job: N tasks, one per folder
#BSUB -J folder_job[1-100]
# -- end of LSF options -- 

source /zhome/71/c/146676/miniconda3/bin/activate && conda activate cil5


THRESHOLD="0.5"
SIZE="7"
DECNUM="5"
WNAME="10"
SIGMA="0.3"
ALPHA="100.0"
NUM_PROC="100"

# Export variables to make them available to the Python script
export THRESHOLD
export SIZE
export DECNUM
export WNAME
export SIGMA
export ALPHA
export BETA
export DELTA
export NUM_PROC

# python -c "from reconstructor_NA import recon_FBP_single; recon_FBP_single($LSB_JOBINDEX)"
# python -c "from reconstructor_NA import recon_FBP_multi; recon_FBP_multi($LSB_JOBINDEX)"
# python -c "from reconstructor_NA import recon_TV_single; recon_TV_single($LSB_JOBINDEX)"
python -c "from reconstructor_NA import recon_TV_multi; recon_TV_multi($LSB_JOBINDEX)"


------------------------------------------------------------

Successfully completed.

Resource usage summary:

    CPU time :                                   933.00 sec.
    Max Memory :                                 2183 MB
    Average Memory :                             1679.88 MB
    Total Requested Memory :                     64000.00 MB
    Delta Memory :                               61817.00 MB
    Max Swap :                                   -
    Max Processes :                              4
    Max Threads :                                21
    Run time :                                   885 sec.
    Turnaround time :                            4397 sec.

The output (if any) is above this job summary.



PS:

Read file <my_job_error1.log> for stderr output of this job.

                                                                                         Reconstruction time: 857.01 seconds
Writing time: 11.09 seconds

------------------------------------------------------------
Sender: LSF System <lsfadmin@hpc.dtu.dk>
Subject: Job 23674221[20]: <folder_job[1-100]> in cluster <dcc> Done

Job <folder_job[1-100]> was submitted from host <gbarlogin1> by user <msaca> in cluster <dcc> at Mon Jan 13 20:01:30 2025
Job was executed on host(s) <4*n-62-20-3>, in queue <gpuv100>, as user <msaca> in cluster <dcc> at Mon Jan 13 21:00:19 2025
</zhome/71/c/146676> was used as the home directory.
</zhome/71/c/146676/main> was used as the working directory.
Started at Mon Jan 13 21:00:19 2025
Terminated at Mon Jan 13 21:15:02 2025
Results reported at Mon Jan 13 21:15:02 2025

Your job looked like:

------------------------------------------------------------
# LSBATCH: User input
#!/bin/bash
# embedded options to bsub - start with #BSUB
# -- name ---
#BSUB -J Recon
# -- choose queue --
# For gpu write gpuv100
#BSUB -q gpuv100
#BSUB -gpu "num=1"
#BSUB -e my_job_error1.log
#BSUB -o my_job_output1.log
#BSUB -M 16000
#BSUB -R "rusage[mem=16000]"
# -- estimated wall clock time (execution time): hh:mm -- 
#BSUB -W 24:00 
# -- Number of cores requested -- 
#BSUB -n 4
# -- Specify the distribution of the cores: on a separate nodes --
#BSUB -R "span[hosts=1]"
# Array job: N tasks, one per folder
#BSUB -J folder_job[1-100]
# -- end of LSF options -- 

source /zhome/71/c/146676/miniconda3/bin/activate && conda activate cil5


THRESHOLD="0.5"
SIZE="7"
DECNUM="5"
WNAME="10"
SIGMA="0.3"
ALPHA="100.0"
NUM_PROC="100"

# Export variables to make them available to the Python script
export THRESHOLD
export SIZE
export DECNUM
export WNAME
export SIGMA
export ALPHA
export BETA
export DELTA
export NUM_PROC

# python -c "from reconstructor_NA import recon_FBP_single; recon_FBP_single($LSB_JOBINDEX)"
# python -c "from reconstructor_NA import recon_FBP_multi; recon_FBP_multi($LSB_JOBINDEX)"
# python -c "from reconstructor_NA import recon_TV_single; recon_TV_single($LSB_JOBINDEX)"
python -c "from reconstructor_NA import recon_TV_multi; recon_TV_multi($LSB_JOBINDEX)"


------------------------------------------------------------

Successfully completed.

Resource usage summary:

    CPU time :                                   938.00 sec.
    Max Memory :                                 2034 MB
    Average Memory :                             1670.89 MB
    Total Requested Memory :                     64000.00 MB
    Delta Memory :                               61966.00 MB
    Max Swap :                                   -
    Max Processes :                              4
    Max Threads :                                21
    Run time :                                   883 sec.
    Turnaround time :                            4412 sec.

The output (if any) is above this job summary.



PS:

Read file <my_job_error1.log> for stderr output of this job.

Initiating batch TV reconstruction from saved sinograms
Data loading time: 12.79 seconds
Initiating batch TV reconstruction from saved sinograms
Data loading time: 11.93 seconds
Reconstruction time: 852.22 seconds
Writing time: 9.32 seconds

------------------------------------------------------------
Sender: LSF System <lsfadmin@hpc.dtu.dk>
Subject: Job 23674221[21]: <folder_job[1-100]> in cluster <dcc> Done

Job <folder_job[1-100]> was submitted from host <gbarlogin1> by user <msaca> in cluster <dcc> at Mon Jan 13 20:01:30 2025
Job was executed on host(s) <4*n-62-20-5>, in queue <gpuv100>, as user <msaca> in cluster <dcc> at Mon Jan 13 21:14:24 2025
</zhome/71/c/146676> was used as the home directory.
</zhome/71/c/146676/main> was used as the working directory.
Started at Mon Jan 13 21:14:24 2025
Terminated at Mon Jan 13 21:29:04 2025
Results reported at Mon Jan 13 21:29:04 2025

Your job looked like:

------------------------------------------------------------
# LSBATCH: User input
#!/bin/bash
# embedded options to bsub - start with #BSUB
# -- name ---
#BSUB -J Recon
# -- choose queue --
# For gpu write gpuv100
#BSUB -q gpuv100
#BSUB -gpu "num=1"
#BSUB -e my_job_error1.log
#BSUB -o my_job_output1.log
#BSUB -M 16000
#BSUB -R "rusage[mem=16000]"
# -- estimated wall clock time (execution time): hh:mm -- 
#BSUB -W 24:00 
# -- Number of cores requested -- 
#BSUB -n 4
# -- Specify the distribution of the cores: on a separate nodes --
#BSUB -R "span[hosts=1]"
# Array job: N tasks, one per folder
#BSUB -J folder_job[1-100]
# -- end of LSF options -- 

source /zhome/71/c/146676/miniconda3/bin/activate && conda activate cil5


THRESHOLD="0.5"
SIZE="7"
DECNUM="5"
WNAME="10"
SIGMA="0.3"
ALPHA="100.0"
NUM_PROC="100"

# Export variables to make them available to the Python script
export THRESHOLD
export SIZE
export DECNUM
export WNAME
export SIGMA
export ALPHA
export BETA
export DELTA
export NUM_PROC

# python -c "from reconstructor_NA import recon_FBP_single; recon_FBP_single($LSB_JOBINDEX)"
# python -c "from reconstructor_NA import recon_FBP_multi; recon_FBP_multi($LSB_JOBINDEX)"
# python -c "from reconstructor_NA import recon_TV_single; recon_TV_single($LSB_JOBINDEX)"
python -c "from reconstructor_NA import recon_TV_multi; recon_TV_multi($LSB_JOBINDEX)"


------------------------------------------------------------

Successfully completed.

Resource usage summary:

    CPU time :                                   932.00 sec.
    Max Memory :                                 1882 MB
    Average Memory :                             1569.33 MB
    Total Requested Memory :                     64000.00 MB
    Delta Memory :                               62118.00 MB
    Max Swap :                                   -
    Max Processes :                              4
    Max Threads :                                21
    Run time :                                   882 sec.
    Turnaround time :                            5254 sec.

The output (if any) is above this job summary.



PS:

Read file <my_job_error1.log> for stderr output of this job.

Reconstruction time: 853.87 seconds
Writing time: 10.26 seconds

------------------------------------------------------------
Sender: LSF System <lsfadmin@hpc.dtu.dk>
Subject: Job 23674221[22]: <folder_job[1-100]> in cluster <dcc> Done

Job <folder_job[1-100]> was submitted from host <gbarlogin1> by user <msaca> in cluster <dcc> at Mon Jan 13 20:01:30 2025
Job was executed on host(s) <4*n-62-20-2>, in queue <gpuv100>, as user <msaca> in cluster <dcc> at Mon Jan 13 21:14:33 2025
</zhome/71/c/146676> was used as the home directory.
</zhome/71/c/146676/main> was used as the working directory.
Started at Mon Jan 13 21:14:33 2025
Terminated at Mon Jan 13 21:29:15 2025
Results reported at Mon Jan 13 21:29:15 2025

Your job looked like:

------------------------------------------------------------
# LSBATCH: User input
#!/bin/bash
# embedded options to bsub - start with #BSUB
# -- name ---
#BSUB -J Recon
# -- choose queue --
# For gpu write gpuv100
#BSUB -q gpuv100
#BSUB -gpu "num=1"
#BSUB -e my_job_error1.log
#BSUB -o my_job_output1.log
#BSUB -M 16000
#BSUB -R "rusage[mem=16000]"
# -- estimated wall clock time (execution time): hh:mm -- 
#BSUB -W 24:00 
# -- Number of cores requested -- 
#BSUB -n 4
# -- Specify the distribution of the cores: on a separate nodes --
#BSUB -R "span[hosts=1]"
# Array job: N tasks, one per folder
#BSUB -J folder_job[1-100]
# -- end of LSF options -- 

source /zhome/71/c/146676/miniconda3/bin/activate && conda activate cil5


THRESHOLD="0.5"
SIZE="7"
DECNUM="5"
WNAME="10"
SIGMA="0.3"
ALPHA="100.0"
NUM_PROC="100"

# Export variables to make them available to the Python script
export THRESHOLD
export SIZE
export DECNUM
export WNAME
export SIGMA
export ALPHA
export BETA
export DELTA
export NUM_PROC

# python -c "from reconstructor_NA import recon_FBP_single; recon_FBP_single($LSB_JOBINDEX)"
# python -c "from reconstructor_NA import recon_FBP_multi; recon_FBP_multi($LSB_JOBINDEX)"
# python -c "from reconstructor_NA import recon_TV_single; recon_TV_single($LSB_JOBINDEX)"
python -c "from reconstructor_NA import recon_TV_multi; recon_TV_multi($LSB_JOBINDEX)"


------------------------------------------------------------

Successfully completed.

Resource usage summary:

    CPU time :                                   934.00 sec.
    Max Memory :                                 2038 MB
    Average Memory :                             1724.22 MB
    Total Requested Memory :                     64000.00 MB
    Delta Memory :                               61962.00 MB
    Max Swap :                                   -
    Max Processes :                              4
    Max Threads :                                21
    Run time :                                   882 sec.
    Turnaround time :                            5265 sec.

The output (if any) is above this job summary.



PS:

Read file <my_job_error1.log> for stderr output of this job.

Reconstruction time: 853.26 seconds
Writing time: 10.21 seconds

------------------------------------------------------------
Sender: LSF System <lsfadmin@hpc.dtu.dk>
Subject: Job 23674221[23]: <folder_job[1-100]> in cluster <dcc> Done

Job <folder_job[1-100]> was submitted from host <gbarlogin1> by user <msaca> in cluster <dcc> at Mon Jan 13 20:01:30 2025
Job was executed on host(s) <4*n-62-20-3>, in queue <gpuv100>, as user <msaca> in cluster <dcc> at Mon Jan 13 21:14:49 2025
</zhome/71/c/146676> was used as the home directory.
</zhome/71/c/146676/main> was used as the working directory.
Started at Mon Jan 13 21:14:49 2025
Terminated at Mon Jan 13 21:29:36 2025
Results reported at Mon Jan 13 21:29:36 2025

Your job looked like:

------------------------------------------------------------
# LSBATCH: User input
#!/bin/bash
# embedded options to bsub - start with #BSUB
# -- name ---
#BSUB -J Recon
# -- choose queue --
# For gpu write gpuv100
#BSUB -q gpuv100
#BSUB -gpu "num=1"
#BSUB -e my_job_error1.log
#BSUB -o my_job_output1.log
#BSUB -M 16000
#BSUB -R "rusage[mem=16000]"
# -- estimated wall clock time (execution time): hh:mm -- 
#BSUB -W 24:00 
# -- Number of cores requested -- 
#BSUB -n 4
# -- Specify the distribution of the cores: on a separate nodes --
#BSUB -R "span[hosts=1]"
# Array job: N tasks, one per folder
#BSUB -J folder_job[1-100]
# -- end of LSF options -- 

source /zhome/71/c/146676/miniconda3/bin/activate && conda activate cil5


THRESHOLD="0.5"
SIZE="7"
DECNUM="5"
WNAME="10"
SIGMA="0.3"
ALPHA="100.0"
NUM_PROC="100"

# Export variables to make them available to the Python script
export THRESHOLD
export SIZE
export DECNUM
export WNAME
export SIGMA
export ALPHA
export BETA
export DELTA
export NUM_PROC

# python -c "from reconstructor_NA import recon_FBP_single; recon_FBP_single($LSB_JOBINDEX)"
# python -c "from reconstructor_NA import recon_FBP_multi; recon_FBP_multi($LSB_JOBINDEX)"
# python -c "from reconstructor_NA import recon_TV_single; recon_TV_single($LSB_JOBINDEX)"
python -c "from reconstructor_NA import recon_TV_multi; recon_TV_multi($LSB_JOBINDEX)"


------------------------------------------------------------

Successfully completed.

Resource usage summary:

    CPU time :                                   935.00 sec.
    Max Memory :                                 2181 MB
    Average Memory :                             1773.44 MB
    Total Requested Memory :                     64000.00 MB
    Delta Memory :                               61819.00 MB
    Max Swap :                                   -
    Max Processes :                              4
    Max Threads :                                21
    Run time :                                   889 sec.
    Turnaround time :                            5286 sec.

The output (if any) is above this job summary.



PS:

Read file <my_job_error1.log> for stderr output of this job.

Initiating batch TV reconstruction from saved sinograms
Data loading time: 14.29 seconds
                                                                                                                                                                                                                                                                                                                                                                                                                                                                                                                                                                                                                                                                                                                                                                                                                                                                                                                                                                                                                                                                                                                                                                                                                                                                                                                                                                                                                                                                                                                                                                                                                                                                                                                                                                                                                                                                                                                                                                                                                                                                                                                                                                                                                                                                                                                                                                                                                                                                                                                                                                                                                                                                                                                                                                                                                                                                                                                                                                                                                                                                                                                         Reconstruction time: 850.99 seconds
Writing time: 9.08 seconds

------------------------------------------------------------
Sender: LSF System <lsfadmin@hpc.dtu.dk>
Subject: Job 23674221[25]: <folder_job[1-100]> in cluster <dcc> Done

Job <folder_job[1-100]> was submitted from host <gbarlogin1> by user <msaca> in cluster <dcc> at Mon Jan 13 20:01:30 2025
Job was executed on host(s) <4*n-62-20-5>, in queue <gpuv100>, as user <msaca> in cluster <dcc> at Mon Jan 13 21:29:05 2025
</zhome/71/c/146676> was used as the home directory.
</zhome/71/c/146676/main> was used as the working directory.
Started at Mon Jan 13 21:29:05 2025
Terminated at Mon Jan 13 21:43:45 2025
Results reported at Mon Jan 13 21:43:45 2025

Your job looked like:

------------------------------------------------------------
# LSBATCH: User input
#!/bin/bash
# embedded options to bsub - start with #BSUB
# -- name ---
#BSUB -J Recon
# -- choose queue --
# For gpu write gpuv100
#BSUB -q gpuv100
#BSUB -gpu "num=1"
#BSUB -e my_job_error1.log
#BSUB -o my_job_output1.log
#BSUB -M 16000
#BSUB -R "rusage[mem=16000]"
# -- estimated wall clock time (execution time): hh:mm -- 
#BSUB -W 24:00 
# -- Number of cores requested -- 
#BSUB -n 4
# -- Specify the distribution of the cores: on a separate nodes --
#BSUB -R "span[hosts=1]"
# Array job: N tasks, one per folder
#BSUB -J folder_job[1-100]
# -- end of LSF options -- 

source /zhome/71/c/146676/miniconda3/bin/activate && conda activate cil5


THRESHOLD="0.5"
SIZE="7"
DECNUM="5"
WNAME="10"
SIGMA="0.3"
ALPHA="100.0"
NUM_PROC="100"

# Export variables to make them available to the Python script
export THRESHOLD
export SIZE
export DECNUM
export WNAME
export SIGMA
export ALPHA
export BETA
export DELTA
export NUM_PROC

# python -c "from reconstructor_NA import recon_FBP_single; recon_FBP_single($LSB_JOBINDEX)"
# python -c "from reconstructor_NA import recon_FBP_multi; recon_FBP_multi($LSB_JOBINDEX)"
# python -c "from reconstructor_NA import recon_TV_single; recon_TV_single($LSB_JOBINDEX)"
python -c "from reconstructor_NA import recon_TV_multi; recon_TV_multi($LSB_JOBINDEX)"


------------------------------------------------------------

Successfully completed.

Resource usage summary:

    CPU time :                                   931.00 sec.
    Max Memory :                                 2283 MB
    Average Memory :                             1936.33 MB
    Total Requested Memory :                     64000.00 MB
    Delta Memory :                               61717.00 MB
    Max Swap :                                   -
    Max Processes :                              4
    Max Threads :                                21
    Run time :                                   881 sec.
    Turnaround time :                            6135 sec.

The output (if any) is above this job summary.



PS:

Read file <my_job_error1.log> for stderr output of this job.

Reconstruction time: 853.12 seconds
Writing time: 9.65 seconds

------------------------------------------------------------
Sender: LSF System <lsfadmin@hpc.dtu.dk>
Subject: Job 23674221[26]: <folder_job[1-100]> in cluster <dcc> Done

Job <folder_job[1-100]> was submitted from host <gbarlogin1> by user <msaca> in cluster <dcc> at Mon Jan 13 20:01:30 2025
Job was executed on host(s) <4*n-62-20-2>, in queue <gpuv100>, as user <msaca> in cluster <dcc> at Mon Jan 13 21:29:17 2025
</zhome/71/c/146676> was used as the home directory.
</zhome/71/c/146676/main> was used as the working directory.
Started at Mon Jan 13 21:29:17 2025
Terminated at Mon Jan 13 21:43:57 2025
Results reported at Mon Jan 13 21:43:57 2025

Your job looked like:

------------------------------------------------------------
# LSBATCH: User input
#!/bin/bash
# embedded options to bsub - start with #BSUB
# -- name ---
#BSUB -J Recon
# -- choose queue --
# For gpu write gpuv100
#BSUB -q gpuv100
#BSUB -gpu "num=1"
#BSUB -e my_job_error1.log
#BSUB -o my_job_output1.log
#BSUB -M 16000
#BSUB -R "rusage[mem=16000]"
# -- estimated wall clock time (execution time): hh:mm -- 
#BSUB -W 24:00 
# -- Number of cores requested -- 
#BSUB -n 4
# -- Specify the distribution of the cores: on a separate nodes --
#BSUB -R "span[hosts=1]"
# Array job: N tasks, one per folder
#BSUB -J folder_job[1-100]
# -- end of LSF options -- 

source /zhome/71/c/146676/miniconda3/bin/activate && conda activate cil5


THRESHOLD="0.5"
SIZE="7"
DECNUM="5"
WNAME="10"
SIGMA="0.3"
ALPHA="100.0"
NUM_PROC="100"

# Export variables to make them available to the Python script
export THRESHOLD
export SIZE
export DECNUM
export WNAME
export SIGMA
export ALPHA
export BETA
export DELTA
export NUM_PROC

# python -c "from reconstructor_NA import recon_FBP_single; recon_FBP_single($LSB_JOBINDEX)"
# python -c "from reconstructor_NA import recon_FBP_multi; recon_FBP_multi($LSB_JOBINDEX)"
# python -c "from reconstructor_NA import recon_TV_single; recon_TV_single($LSB_JOBINDEX)"
python -c "from reconstructor_NA import recon_TV_multi; recon_TV_multi($LSB_JOBINDEX)"


------------------------------------------------------------

Successfully completed.

Resource usage summary:

    CPU time :                                   932.00 sec.
    Max Memory :                                 2038 MB
    Average Memory :                             1739.67 MB
    Total Requested Memory :                     64000.00 MB
    Delta Memory :                               61962.00 MB
    Max Swap :                                   -
    Max Processes :                              4
    Max Threads :                                21
    Run time :                                   882 sec.
    Turnaround time :                            6147 sec.

The output (if any) is above this job summary.



PS:

Read file <my_job_error1.log> for stderr output of this job.

                                                                                                                                                                                                                                                                                                                                                                                                                                                                                                                                                                                                                                                                                                                                                                                                                                                                                                                                                                                                                                                                                                                                                                                                                                                                                                                                                                                                                                                                                                                                                                                                                                                                                                                                                                                                                                                                                                                                                                                                                                                                                                                                                                                                                                                                                                                                                                                                                                                                                                                                                                                                                                                                                                                                                                                                                                                                                                                                                                                                                                                                                                                          Initiating batch TV reconstruction from saved sinograms
Data loading time: 11.38 seconds
Reconstruction time: 858.32 seconds
Writing time: 10.94 seconds

------------------------------------------------------------
Sender: LSF System <lsfadmin@hpc.dtu.dk>
Subject: Job 23674221[28]: <folder_job[1-100]> in cluster <dcc> Done

Job <folder_job[1-100]> was submitted from host <gbarlogin1> by user <msaca> in cluster <dcc> at Mon Jan 13 20:01:30 2025
Job was executed on host(s) <4*n-62-20-3>, in queue <gpuv100>, as user <msaca> in cluster <dcc> at Mon Jan 13 21:29:47 2025
</zhome/71/c/146676> was used as the home directory.
</zhome/71/c/146676/main> was used as the working directory.
Started at Mon Jan 13 21:29:47 2025
Terminated at Mon Jan 13 21:44:33 2025
Results reported at Mon Jan 13 21:44:33 2025

Your job looked like:

------------------------------------------------------------
# LSBATCH: User input
#!/bin/bash
# embedded options to bsub - start with #BSUB
# -- name ---
#BSUB -J Recon
# -- choose queue --
# For gpu write gpuv100
#BSUB -q gpuv100
#BSUB -gpu "num=1"
#BSUB -e my_job_error1.log
#BSUB -o my_job_output1.log
#BSUB -M 16000
#BSUB -R "rusage[mem=16000]"
# -- estimated wall clock time (execution time): hh:mm -- 
#BSUB -W 24:00 
# -- Number of cores requested -- 
#BSUB -n 4
# -- Specify the distribution of the cores: on a separate nodes --
#BSUB -R "span[hosts=1]"
# Array job: N tasks, one per folder
#BSUB -J folder_job[1-100]
# -- end of LSF options -- 

source /zhome/71/c/146676/miniconda3/bin/activate && conda activate cil5


THRESHOLD="0.5"
SIZE="7"
DECNUM="5"
WNAME="10"
SIGMA="0.3"
ALPHA="100.0"
NUM_PROC="100"

# Export variables to make them available to the Python script
export THRESHOLD
export SIZE
export DECNUM
export WNAME
export SIGMA
export ALPHA
export BETA
export DELTA
export NUM_PROC

# python -c "from reconstructor_NA import recon_FBP_single; recon_FBP_single($LSB_JOBINDEX)"
# python -c "from reconstructor_NA import recon_FBP_multi; recon_FBP_multi($LSB_JOBINDEX)"
# python -c "from reconstructor_NA import recon_TV_single; recon_TV_single($LSB_JOBINDEX)"
python -c "from reconstructor_NA import recon_TV_multi; recon_TV_multi($LSB_JOBINDEX)"


------------------------------------------------------------

Successfully completed.

Resource usage summary:

    CPU time :                                   940.00 sec.
    Max Memory :                                 2032 MB
    Average Memory :                             1753.11 MB
    Total Requested Memory :                     64000.00 MB
    Delta Memory :                               61968.00 MB
    Max Swap :                                   -
    Max Processes :                              4
    Max Threads :                                21
    Run time :                                   887 sec.
    Turnaround time :                            6183 sec.

The output (if any) is above this job summary.



PS:

Read file <my_job_error1.log> for stderr output of this job.

Initiating batch TV reconstruction from saved sinograms
Data loading time: 11.95 seconds
Initiating batch TV reconstruction from saved sinograms
Data loading time: 13.48 seconds
Reconstruction time: 853.19 seconds
Writing time: 9.78 seconds

------------------------------------------------------------
Sender: LSF System <lsfadmin@hpc.dtu.dk>
Subject: Job 23674221[29]: <folder_job[1-100]> in cluster <dcc> Done

Job <folder_job[1-100]> was submitted from host <gbarlogin1> by user <msaca> in cluster <dcc> at Mon Jan 13 20:01:30 2025
Job was executed on host(s) <4*n-62-20-5>, in queue <gpuv100>, as user <msaca> in cluster <dcc> at Mon Jan 13 21:43:47 2025
</zhome/71/c/146676> was used as the home directory.
</zhome/71/c/146676/main> was used as the working directory.
Started at Mon Jan 13 21:43:47 2025
Terminated at Mon Jan 13 21:58:27 2025
Results reported at Mon Jan 13 21:58:27 2025

Your job looked like:

------------------------------------------------------------
# LSBATCH: User input
#!/bin/bash
# embedded options to bsub - start with #BSUB
# -- name ---
#BSUB -J Recon
# -- choose queue --
# For gpu write gpuv100
#BSUB -q gpuv100
#BSUB -gpu "num=1"
#BSUB -e my_job_error1.log
#BSUB -o my_job_output1.log
#BSUB -M 16000
#BSUB -R "rusage[mem=16000]"
# -- estimated wall clock time (execution time): hh:mm -- 
#BSUB -W 24:00 
# -- Number of cores requested -- 
#BSUB -n 4
# -- Specify the distribution of the cores: on a separate nodes --
#BSUB -R "span[hosts=1]"
# Array job: N tasks, one per folder
#BSUB -J folder_job[1-100]
# -- end of LSF options -- 

source /zhome/71/c/146676/miniconda3/bin/activate && conda activate cil5


THRESHOLD="0.5"
SIZE="7"
DECNUM="5"
WNAME="10"
SIGMA="0.3"
ALPHA="100.0"
NUM_PROC="100"

# Export variables to make them available to the Python script
export THRESHOLD
export SIZE
export DECNUM
export WNAME
export SIGMA
export ALPHA
export BETA
export DELTA
export NUM_PROC

# python -c "from reconstructor_NA import recon_FBP_single; recon_FBP_single($LSB_JOBINDEX)"
# python -c "from reconstructor_NA import recon_FBP_multi; recon_FBP_multi($LSB_JOBINDEX)"
# python -c "from reconstructor_NA import recon_TV_single; recon_TV_single($LSB_JOBINDEX)"
python -c "from reconstructor_NA import recon_TV_multi; recon_TV_multi($LSB_JOBINDEX)"


------------------------------------------------------------

Successfully completed.

Resource usage summary:

    CPU time :                                   934.00 sec.
    Max Memory :                                 2040 MB
    Average Memory :                             1786.67 MB
    Total Requested Memory :                     64000.00 MB
    Delta Memory :                               61960.00 MB
    Max Swap :                                   -
    Max Processes :                              4
    Max Threads :                                21
    Run time :                                   882 sec.
    Turnaround time :                            7017 sec.

The output (if any) is above this job summary.



PS:

Read file <my_job_error1.log> for stderr output of this job.

Reconstruction time: 851.37 seconds
Writing time: 11.56 seconds

------------------------------------------------------------
Sender: LSF System <lsfadmin@hpc.dtu.dk>
Subject: Job 23674221[30]: <folder_job[1-100]> in cluster <dcc> Done

Job <folder_job[1-100]> was submitted from host <gbarlogin1> by user <msaca> in cluster <dcc> at Mon Jan 13 20:01:30 2025
Job was executed on host(s) <4*n-62-20-2>, in queue <gpuv100>, as user <msaca> in cluster <dcc> at Mon Jan 13 21:43:57 2025
</zhome/71/c/146676> was used as the home directory.
</zhome/71/c/146676/main> was used as the working directory.
Started at Mon Jan 13 21:43:57 2025
Terminated at Mon Jan 13 21:58:37 2025
Results reported at Mon Jan 13 21:58:37 2025

Your job looked like:

------------------------------------------------------------
# LSBATCH: User input
#!/bin/bash
# embedded options to bsub - start with #BSUB
# -- name ---
#BSUB -J Recon
# -- choose queue --
# For gpu write gpuv100
#BSUB -q gpuv100
#BSUB -gpu "num=1"
#BSUB -e my_job_error1.log
#BSUB -o my_job_output1.log
#BSUB -M 16000
#BSUB -R "rusage[mem=16000]"
# -- estimated wall clock time (execution time): hh:mm -- 
#BSUB -W 24:00 
# -- Number of cores requested -- 
#BSUB -n 4
# -- Specify the distribution of the cores: on a separate nodes --
#BSUB -R "span[hosts=1]"
# Array job: N tasks, one per folder
#BSUB -J folder_job[1-100]
# -- end of LSF options -- 

source /zhome/71/c/146676/miniconda3/bin/activate && conda activate cil5


THRESHOLD="0.5"
SIZE="7"
DECNUM="5"
WNAME="10"
SIGMA="0.3"
ALPHA="100.0"
NUM_PROC="100"

# Export variables to make them available to the Python script
export THRESHOLD
export SIZE
export DECNUM
export WNAME
export SIGMA
export ALPHA
export BETA
export DELTA
export NUM_PROC

# python -c "from reconstructor_NA import recon_FBP_single; recon_FBP_single($LSB_JOBINDEX)"
# python -c "from reconstructor_NA import recon_FBP_multi; recon_FBP_multi($LSB_JOBINDEX)"
# python -c "from reconstructor_NA import recon_TV_single; recon_TV_single($LSB_JOBINDEX)"
python -c "from reconstructor_NA import recon_TV_multi; recon_TV_multi($LSB_JOBINDEX)"


------------------------------------------------------------

Successfully completed.

Resource usage summary:

    CPU time :                                   931.00 sec.
    Max Memory :                                 2036 MB
    Average Memory :                             1692.67 MB
    Total Requested Memory :                     64000.00 MB
    Delta Memory :                               61964.00 MB
    Max Swap :                                   -
    Max Processes :                              4
    Max Threads :                                21
    Run time :                                   880 sec.
    Turnaround time :                            7027 sec.

The output (if any) is above this job summary.



PS:

Read file <my_job_error1.log> for stderr output of this job.

                                                                                                                                                                                                                                                                                                                                                                                                                                                                                                                                                                                                                                                                                                                                                                                                                                                                                                                                                                                                                                                                                                                                                                                                                                                                                                                                                                                                                                                                                                                                                                                                                                                                                                                                                                                                                                                                                                                                                                                                                                                                                                                                                                                                                                                                                                                                                                                                                                                                                                                                                                                                                                                                                                                                                                                                                                                                                                                                                                                                                                 Initiating batch TV reconstruction from saved sinograms
Data loading time: 10.60 seconds
------------------------------------
Sender: LSF System <lsfadmin@hpc.dtu.dk>
Subject: Job 23674221[32]: <folder_job[1-100]> in cluster <dcc> Done

Job <folder_job[1-100]> was submitted from host <gbarlogin1> by user <msaca> in cluster <dcc> at Mon Jan 13 20:01:30 2025
Job was executed on host(s) <4*n-62-20-3>, in queue <gpuv100>, as user <msaca> in cluster <dcc> at Mon Jan 13 21:44:35 2025
</zhome/71/c/146676> was used as the home directory.
</zhome/71/c/146676/main> was used as the working directory.
Started at Mon Jan 13 21:44:35 2025
Terminated at Mon Jan 13 21:59:23 2025
Results reported at Mon Jan 13 21:59:23 2025

Your job looked like:

------------------------------------------------------------
# LSBATCH: User input
#!/bin/bash
# embedded options to bsub - start with #BSUB
# -- name ---
#BSUB -J Recon
# -- choose queue --
# For gpu write gpuv100
#BSUB -q gpuv100
#BSUB -gpu "num=1"
#BSUB -e my_job_error1.log
#BSUB -o my_job_output1.log
#BSUB -M 16000
#BSUB -R "rusage[mem=16000]"
# -- estimated wall clock time (execution time): hh:mm -- 
#BSUB -W 24:00 
# -- Number of cores requested -- 
#BSUB -n 4
# -- Specify the distribution of the cores: on a separate nodes --
#BSUB -R "span[hosts=1]"
# Array job: N tasks, one per folder
#BSUB -J folder_job[1-100]
# -- end of LSF options -- 

source /zhome/71/c/146676/miniconda3/bin/activate && conda activate cil5


THRESHOLD="0.5"
SIZE="7"
DECNUM="5"
WNAME="10"
SIGMA="0.3"
ALPHA="100.0"
NUM_PROC="100"

# Export variables to make them available to the Python script
export THRESHOLD
export SIZE
export DECNUM
export WNAME
export SIGMA
export ALPHA
export BETA
export DELTA
export NUM_PROC

# python -c "from reconstructor_NA import recon_FBP_single; recon_FBP_single($LSB_JOBINDEX)"
# python -c "from reconstructor_NA import recon_FBP_multi; recon_FBP_multi($LSB_JOBINDEX)"
# python -c "from reconstructor_NA import recon_TV_single; recon_TV_single($LSB_JOBINDEX)"
python -c "from reconstructor_NA import recon_TV_multi; recon_TV_multi($LSB_JOBINDEX)"


------------------------------------------------------------

Successfully completed.

Resource usage summary:

    CPU time :                                   940.00 sec.
    Max Memory :                                 1962 MB
    Average Memory :                             1708.33 MB
    Total Requested Memory :                     64000.00 MB
    Delta Memory :                               62038.00 MB
    Max Swap :                                   -
    Max Processes :                              4
    Max Threads :                                21
    Run time :                                   889 sec.
    Turnaround time :                            7073 sec.

The output (if any) is above this job summary.



PS:

Read file <my_job_error1.log> for stderr output of this job.

Initiating batch TV reconstruction from saved sinograms
Data loading time: 14.46 seconds
Initiating batch TV reconstruction from saved sinograms
Data loading time: 13.07 seconds
Reconstruction time: 851.48 seconds
Writing time: 9.85 seconds

------------------------------------------------------------
Sender: LSF System <lsfadmin@hpc.dtu.dk>
Subject: Job 23674221[33]: <folder_job[1-100]> in cluster <dcc> Done

Job <folder_job[1-100]> was submitted from host <gbarlogin1> by user <msaca> in cluster <dcc> at Mon Jan 13 20:01:30 2025
Job was executed on host(s) <4*n-62-20-5>, in queue <gpuv100>, as user <msaca> in cluster <dcc> at Mon Jan 13 21:58:27 2025
</zhome/71/c/146676> was used as the home directory.
</zhome/71/c/146676/main> was used as the working directory.
Started at Mon Jan 13 21:58:27 2025
Terminated at Mon Jan 13 22:13:08 2025
Results reported at Mon Jan 13 22:13:08 2025

Your job looked like:

------------------------------------------------------------
# LSBATCH: User input
#!/bin/bash
# embedded options to bsub - start with #BSUB
# -- name ---
#BSUB -J Recon
# -- choose queue --
# For gpu write gpuv100
#BSUB -q gpuv100
#BSUB -gpu "num=1"
#BSUB -e my_job_error1.log
#BSUB -o my_job_output1.log
#BSUB -M 16000
#BSUB -R "rusage[mem=16000]"
# -- estimated wall clock time (execution time): hh:mm -- 
#BSUB -W 24:00 
# -- Number of cores requested -- 
#BSUB -n 4
# -- Specify the distribution of the cores: on a separate nodes --
#BSUB -R "span[hosts=1]"
# Array job: N tasks, one per folder
#BSUB -J folder_job[1-100]
# -- end of LSF options -- 

source /zhome/71/c/146676/miniconda3/bin/activate && conda activate cil5


THRESHOLD="0.5"
SIZE="7"
DECNUM="5"
WNAME="10"
SIGMA="0.3"
ALPHA="100.0"
NUM_PROC="100"

# Export variables to make them available to the Python script
export THRESHOLD
export SIZE
export DECNUM
export WNAME
export SIGMA
export ALPHA
export BETA
export DELTA
export NUM_PROC

# python -c "from reconstructor_NA import recon_FBP_single; recon_FBP_single($LSB_JOBINDEX)"
# python -c "from reconstructor_NA import recon_FBP_multi; recon_FBP_multi($LSB_JOBINDEX)"
# python -c "from reconstructor_NA import recon_TV_single; recon_TV_single($LSB_JOBINDEX)"
python -c "from reconstructor_NA import recon_TV_multi; recon_TV_multi($LSB_JOBINDEX)"


------------------------------------------------------------

Successfully completed.

Resource usage summary:

    CPU time :                                   931.00 sec.
    Max Memory :                                 2042 MB
    Average Memory :                             1711.78 MB
    Total Requested Memory :                     64000.00 MB
    Delta Memory :                               61958.00 MB
    Max Swap :                                   -
    Max Processes :                              4
    Max Threads :                                21
    Run time :                                   881 sec.
    Turnaround time :                            7898 sec.

The output (if any) is above this job summary.



PS:

Read file <my_job_error1.log> for stderr output of this job.

                                                                                                                                                                                                                                                                                                                                                                                                                                                                                                                                                                                                                                                                                                                                                                                                                                                                                                                                                                                                                                                                                                                                                                                                                                                                                                                                                                                                                                                                                                                                                                                                                                                                                                                                                                                                                                                                                                                                                                                                                                                                                                                                                                                                                                                                                                                                                                                                                                                                                                                                                                                                                                                                                                                                                                                                                                                                                                                                                                                                                                Initiating batch TV reconstruction from saved sinograms
Data loading time: 12.91 seconds
Reconstruction time: 853.07 seconds
Writing time: 10.76 seconds

------------------------------------------------------------
Sender: LSF System <lsfadmin@hpc.dtu.dk>
Subject: Job 23674221[35]: <folder_job[1-100]> in cluster <dcc> Done

Job <folder_job[1-100]> was submitted from host <gbarlogin1> by user <msaca> in cluster <dcc> at Mon Jan 13 20:01:30 2025
Job was executed on host(s) <4*n-62-20-3>, in queue <gpuv100>, as user <msaca> in cluster <dcc> at Mon Jan 13 21:59:07 2025
</zhome/71/c/146676> was used as the home directory.
</zhome/71/c/146676/main> was used as the working directory.
Started at Mon Jan 13 21:59:07 2025
Terminated at Mon Jan 13 22:13:51 2025
Results reported at Mon Jan 13 22:13:51 2025

Your job looked like:

------------------------------------------------------------
# LSBATCH: User input
#!/bin/bash
# embedded options to bsub - start with #BSUB
# -- name ---
#BSUB -J Recon
# -- choose queue --
# For gpu write gpuv100
#BSUB -q gpuv100
#BSUB -gpu "num=1"
#BSUB -e my_job_error1.log
#BSUB -o my_job_output1.log
#BSUB -M 16000
#BSUB -R "rusage[mem=16000]"
# -- estimated wall clock time (execution time): hh:mm -- 
#BSUB -W 24:00 
# -- Number of cores requested -- 
#BSUB -n 4
# -- Specify the distribution of the cores: on a separate nodes --
#BSUB -R "span[hosts=1]"
# Array job: N tasks, one per folder
#BSUB -J folder_job[1-100]
# -- end of LSF options -- 

source /zhome/71/c/146676/miniconda3/bin/activate && conda activate cil5


THRESHOLD="0.5"
SIZE="7"
DECNUM="5"
WNAME="10"
SIGMA="0.3"
ALPHA="100.0"
NUM_PROC="100"

# Export variables to make them available to the Python script
export THRESHOLD
export SIZE
export DECNUM
export WNAME
export SIGMA
export ALPHA
export BETA
export DELTA
export NUM_PROC

# python -c "from reconstructor_NA import recon_FBP_single; recon_FBP_single($LSB_JOBINDEX)"
# python -c "from reconstructor_NA import recon_FBP_multi; recon_FBP_multi($LSB_JOBINDEX)"
# python -c "from reconstructor_NA import recon_TV_single; recon_TV_single($LSB_JOBINDEX)"
python -c "from reconstructor_NA import recon_TV_multi; recon_TV_multi($LSB_JOBINDEX)"


------------------------------------------------------------

Successfully completed.

Resource usage summary:

    CPU time :                                   933.00 sec.
    Max Memory :                                 2126 MB
    Average Memory :                             1703.25 MB
    Total Requested Memory :                     64000.00 MB
    Delta Memory :                               61874.00 MB
    Max Swap :                                   -
    Max Processes :                              4
    Max Threads :                                21
    Run time :                                   884 sec.
    Turnaround time :                            7941 sec.

The output (if any) is above this job summary.



PS:

Read file <my_job_error1.log> for stderr output of this job.

Reconstruction time: 858.01 seconds
Writing time: 8.85 seconds

------------------------------------------------------------
Sender: LSF System <lsfadmin@hpc.dtu.dk>
Subject: Job 23674221[36]: <folder_job[1-100]> in cluster <dcc> Done

Job <folder_job[1-100]> was submitted from host <gbarlogin1> by user <msaca> in cluster <dcc> at Mon Jan 13 20:01:30 2025
Job was executed on host(s) <4*n-62-20-3>, in queue <gpuv100>, as user <msaca> in cluster <dcc> at Mon Jan 13 21:59:23 2025
</zhome/71/c/146676> was used as the home directory.
</zhome/71/c/146676/main> was used as the working directory.
Started at Mon Jan 13 21:59:23 2025
Terminated at Mon Jan 13 22:14:09 2025
Results reported at Mon Jan 13 22:14:09 2025

Your job looked like:

------------------------------------------------------------
# LSBATCH: User input
#!/bin/bash
# embedded options to bsub - start with #BSUB
# -- name ---
#BSUB -J Recon
# -- choose queue --
# For gpu write gpuv100
#BSUB -q gpuv100
#BSUB -gpu "num=1"
#BSUB -e my_job_error1.log
#BSUB -o my_job_output1.log
#BSUB -M 16000
#BSUB -R "rusage[mem=16000]"
# -- estimated wall clock time (execution time): hh:mm -- 
#BSUB -W 24:00 
# -- Number of cores requested -- 
#BSUB -n 4
# -- Specify the distribution of the cores: on a separate nodes --
#BSUB -R "span[hosts=1]"
# Array job: N tasks, one per folder
#BSUB -J folder_job[1-100]
# -- end of LSF options -- 

source /zhome/71/c/146676/miniconda3/bin/activate && conda activate cil5


THRESHOLD="0.5"
SIZE="7"
DECNUM="5"
WNAME="10"
SIGMA="0.3"
ALPHA="100.0"
NUM_PROC="100"

# Export variables to make them available to the Python script
export THRESHOLD
export SIZE
export DECNUM
export WNAME
export SIGMA
export ALPHA
export BETA
export DELTA
export NUM_PROC

# python -c "from reconstructor_NA import recon_FBP_single; recon_FBP_single($LSB_JOBINDEX)"
# python -c "from reconstructor_NA import recon_FBP_multi; recon_FBP_multi($LSB_JOBINDEX)"
# python -c "from reconstructor_NA import recon_TV_single; recon_TV_single($LSB_JOBINDEX)"
python -c "from reconstructor_NA import recon_TV_multi; recon_TV_multi($LSB_JOBINDEX)"


------------------------------------------------------------

Successfully completed.

Resource usage summary:

    CPU time :                                   939.00 sec.
    Max Memory :                                 2033 MB
    Average Memory :                             1721.88 MB
    Total Requested Memory :                     64000.00 MB
    Delta Memory :                               61967.00 MB
    Max Swap :                                   -
    Max Processes :                              4
    Max Threads :                                21
    Run time :                                   886 sec.
    Turnaround time :                            7959 sec.

The output (if any) is above this job summary.



PS:

Read file <my_job_error1.log> for stderr output of this job.

Initiating batch TV reconstruction from saved sinograms
Data loading time: 9.53 seconds
Initiating batch TV reconstruction from saved sinograms
Data loading time: 7.84 seconds
Reconstruction time: 853.31 seconds
Writing time: 10.24 seconds

------------------------------------------------------------
Sender: LSF System <lsfadmin@hpc.dtu.dk>
Subject: Job 23674221[37]: <folder_job[1-100]> in cluster <dcc> Done

Job <folder_job[1-100]> was submitted from host <gbarlogin1> by user <msaca> in cluster <dcc> at Mon Jan 13 20:01:30 2025
Job was executed on host(s) <4*n-62-20-5>, in queue <gpuv100>, as user <msaca> in cluster <dcc> at Mon Jan 13 22:13:09 2025
</zhome/71/c/146676> was used as the home directory.
</zhome/71/c/146676/main> was used as the working directory.
Started at Mon Jan 13 22:13:09 2025
Terminated at Mon Jan 13 22:27:52 2025
Results reported at Mon Jan 13 22:27:52 2025

Your job looked like:

------------------------------------------------------------
# LSBATCH: User input
#!/bin/bash
# embedded options to bsub - start with #BSUB
# -- name ---
#BSUB -J Recon
# -- choose queue --
# For gpu write gpuv100
#BSUB -q gpuv100
#BSUB -gpu "num=1"
#BSUB -e my_job_error1.log
#BSUB -o my_job_output1.log
#BSUB -M 16000
#BSUB -R "rusage[mem=16000]"
# -- estimated wall clock time (execution time): hh:mm -- 
#BSUB -W 24:00 
# -- Number of cores requested -- 
#BSUB -n 4
# -- Specify the distribution of the cores: on a separate nodes --
#BSUB -R "span[hosts=1]"
# Array job: N tasks, one per folder
#BSUB -J folder_job[1-100]
# -- end of LSF options -- 

source /zhome/71/c/146676/miniconda3/bin/activate && conda activate cil5


THRESHOLD="0.5"
SIZE="7"
DECNUM="5"
WNAME="10"
SIGMA="0.3"
ALPHA="100.0"
NUM_PROC="100"

# Export variables to make them available to the Python script
export THRESHOLD
export SIZE
export DECNUM
export WNAME
export SIGMA
export ALPHA
export BETA
export DELTA
export NUM_PROC

# python -c "from reconstructor_NA import recon_FBP_single; recon_FBP_single($LSB_JOBINDEX)"
# python -c "from reconstructor_NA import recon_FBP_multi; recon_FBP_multi($LSB_JOBINDEX)"
# python -c "from reconstructor_NA import recon_TV_single; recon_TV_single($LSB_JOBINDEX)"
python -c "from reconstructor_NA import recon_TV_multi; recon_TV_multi($LSB_JOBINDEX)"


------------------------------------------------------------

Successfully completed.

Resource usage summary:

    CPU time :                                   934.00 sec.
    Max Memory :                                 2037 MB
    Average Memory :                             1794.56 MB
    Total Requested Memory :                     64000.00 MB
    Delta Memory :                               61963.00 MB
    Max Swap :                                   -
    Max Processes :                              4
    Max Threads :                                21
    Run time :                                   884 sec.
    Turnaround time :                            8782 sec.

The output (if any) is above this job summary.



PS:

Read file <my_job_error1.log> for stderr output of this job.

                                                                                                                                                                                                                                                                                                                                                                                                                                                                                                                                                                                                                                                                                                                                                                                                                                                                                                                                                                                                                                                                                                                                                                                                                                                                                                                                                                                                                                                                                                                                                                                                                                                                                                                                                                                                                                                                                                                                                                                                                                                                                                                                                                                                                                                                                                                                                                                                                                                                                                                                                                                                                                                                                                                                                                                                                                                                                                                                                                                                                                Initiating batch TV reconstruction from saved sinograms
Data loading time: 12.28 seconds
Initiating batch TV reconstruction from saved sinograms
Data loading time: 10.35 seconds
Reconstruction time: 853.59 seconds
Writing time: 9.91 seconds

------------------------------------------------------------
Sender: LSF System <lsfadmin@hpc.dtu.dk>
Subject: Job 23674221[39]: <folder_job[1-100]> in cluster <dcc> Done

Job <folder_job[1-100]> was submitted from host <gbarlogin1> by user <msaca> in cluster <dcc> at Mon Jan 13 20:01:30 2025
Job was executed on host(s) <4*n-62-20-3>, in queue <gpuv100>, as user <msaca> in cluster <dcc> at Mon Jan 13 22:13:51 2025
</zhome/71/c/146676> was used as the home directory.
</zhome/71/c/146676/main> was used as the working directory.
Started at Mon Jan 13 22:13:51 2025
Terminated at Mon Jan 13 22:28:30 2025
Results reported at Mon Jan 13 22:28:30 2025

Your job looked like:

------------------------------------------------------------
# LSBATCH: User input
#!/bin/bash
# embedded options to bsub - start with #BSUB
# -- name ---
#BSUB -J Recon
# -- choose queue --
# For gpu write gpuv100
#BSUB -q gpuv100
#BSUB -gpu "num=1"
#BSUB -e my_job_error1.log
#BSUB -o my_job_output1.log
#BSUB -M 16000
#BSUB -R "rusage[mem=16000]"
# -- estimated wall clock time (execution time): hh:mm -- 
#BSUB -W 24:00 
# -- Number of cores requested -- 
#BSUB -n 4
# -- Specify the distribution of the cores: on a separate nodes --
#BSUB -R "span[hosts=1]"
# Array job: N tasks, one per folder
#BSUB -J folder_job[1-100]
# -- end of LSF options -- 

source /zhome/71/c/146676/miniconda3/bin/activate && conda activate cil5


THRESHOLD="0.5"
SIZE="7"
DECNUM="5"
WNAME="10"
SIGMA="0.3"
ALPHA="100.0"
NUM_PROC="100"

# Export variables to make them available to the Python script
export THRESHOLD
export SIZE
export DECNUM
export WNAME
export SIGMA
export ALPHA
export BETA
export DELTA
export NUM_PROC

# python -c "from reconstructor_NA import recon_FBP_single; recon_FBP_single($LSB_JOBINDEX)"
# python -c "from reconstructor_NA import recon_FBP_multi; recon_FBP_multi($LSB_JOBINDEX)"
# python -c "from reconstructor_NA import recon_TV_single; recon_TV_single($LSB_JOBINDEX)"
python -c "from reconstructor_NA import recon_TV_multi; recon_TV_multi($LSB_JOBINDEX)"


------------------------------------------------------------

Successfully completed.

Resource usage summary:

    CPU time :                                   934.00 sec.
    Max Memory :                                 2283 MB
    Average Memory :                             1721.56 MB
    Total Requested Memory :                     64000.00 MB
    Delta Memory :                               61717.00 MB
    Max Swap :                                   -
    Max Processes :                              4
    Max Threads :                                21
    Run time :                                   879 sec.
    Turnaround time :                            8820 sec.

The output (if any) is above this job summary.



PS:

Read file <my_job_error1.log> for stderr output of this job.

Reconstruction time: 856.66 seconds
Writing time: 10.66 seconds

------------------------------------------------------------
Sender: LSF System <lsfadmin@hpc.dtu.dk>
Subject: Job 23674221[40]: <folder_job[1-100]> in cluster <dcc> Done

Job <folder_job[1-100]> was submitted from host <gbarlogin1> by user <msaca> in cluster <dcc> at Mon Jan 13 20:01:30 2025
Job was executed on host(s) <4*n-62-20-3>, in queue <gpuv100>, as user <msaca> in cluster <dcc> at Mon Jan 13 22:14:09 2025
</zhome/71/c/146676> was used as the home directory.
</zhome/71/c/146676/main> was used as the working directory.
Started at Mon Jan 13 22:14:09 2025
Terminated at Mon Jan 13 22:28:50 2025
Results reported at Mon Jan 13 22:28:50 2025

Your job looked like:

------------------------------------------------------------
# LSBATCH: User input
#!/bin/bash
# embedded options to bsub - start with #BSUB
# -- name ---
#BSUB -J Recon
# -- choose queue --
# For gpu write gpuv100
#BSUB -q gpuv100
#BSUB -gpu "num=1"
#BSUB -e my_job_error1.log
#BSUB -o my_job_output1.log
#BSUB -M 16000
#BSUB -R "rusage[mem=16000]"
# -- estimated wall clock time (execution time): hh:mm -- 
#BSUB -W 24:00 
# -- Number of cores requested -- 
#BSUB -n 4
# -- Specify the distribution of the cores: on a separate nodes --
#BSUB -R "span[hosts=1]"
# Array job: N tasks, one per folder
#BSUB -J folder_job[1-100]
# -- end of LSF options -- 

source /zhome/71/c/146676/miniconda3/bin/activate && conda activate cil5


THRESHOLD="0.5"
SIZE="7"
DECNUM="5"
WNAME="10"
SIGMA="0.3"
ALPHA="100.0"
NUM_PROC="100"

# Export variables to make them available to the Python script
export THRESHOLD
export SIZE
export DECNUM
export WNAME
export SIGMA
export ALPHA
export BETA
export DELTA
export NUM_PROC

# python -c "from reconstructor_NA import recon_FBP_single; recon_FBP_single($LSB_JOBINDEX)"
# python -c "from reconstructor_NA import recon_FBP_multi; recon_FBP_multi($LSB_JOBINDEX)"
# python -c "from reconstructor_NA import recon_TV_single; recon_TV_single($LSB_JOBINDEX)"
python -c "from reconstructor_NA import recon_TV_multi; recon_TV_multi($LSB_JOBINDEX)"


------------------------------------------------------------

Successfully completed.

Resource usage summary:

    CPU time :                                   937.00 sec.
    Max Memory :                                 2032 MB
    Average Memory :                             1896.11 MB
    Total Requested Memory :                     64000.00 MB
    Delta Memory :                               61968.00 MB
    Max Swap :                                   -
    Max Processes :                              4
    Max Threads :                                21
    Run time :                                   881 sec.
    Turnaround time :                            8840 sec.

The output (if any) is above this job summary.



PS:

Read file <my_job_error1.log> for stderr output of this job.

Initiating batch TV reconstruction from saved sinograms
Data loading time: 14.84 seconds
Initiating batch TV reconstruction from saved sinograms
Data loading time: 12.54 seconds
Reconstruction time: 851.99 seconds
Writing time: 12.06 seconds

------------------------------------------------------------
Sender: LSF System <lsfadmin@hpc.dtu.dk>
Subject: Job 23674221[41]: <folder_job[1-100]> in cluster <dcc> Done

Job <folder_job[1-100]> was submitted from host <gbarlogin1> by user <msaca> in cluster <dcc> at Mon Jan 13 20:01:30 2025
Job was executed on host(s) <4*n-62-20-5>, in queue <gpuv100>, as user <msaca> in cluster <dcc> at Mon Jan 13 22:27:52 2025
</zhome/71/c/146676> was used as the home directory.
</zhome/71/c/146676/main> was used as the working directory.
Started at Mon Jan 13 22:27:52 2025
Terminated at Mon Jan 13 22:42:34 2025
Results reported at Mon Jan 13 22:42:34 2025

Your job looked like:

------------------------------------------------------------
# LSBATCH: User input
#!/bin/bash
# embedded options to bsub - start with #BSUB
# -- name ---
#BSUB -J Recon
# -- choose queue --
# For gpu write gpuv100
#BSUB -q gpuv100
#BSUB -gpu "num=1"
#BSUB -e my_job_error1.log
#BSUB -o my_job_output1.log
#BSUB -M 16000
#BSUB -R "rusage[mem=16000]"
# -- estimated wall clock time (execution time): hh:mm -- 
#BSUB -W 24:00 
# -- Number of cores requested -- 
#BSUB -n 4
# -- Specify the distribution of the cores: on a separate nodes --
#BSUB -R "span[hosts=1]"
# Array job: N tasks, one per folder
#BSUB -J folder_job[1-100]
# -- end of LSF options -- 

source /zhome/71/c/146676/miniconda3/bin/activate && conda activate cil5


THRESHOLD="0.5"
SIZE="7"
DECNUM="5"
WNAME="10"
SIGMA="0.3"
ALPHA="100.0"
NUM_PROC="100"

# Export variables to make them available to the Python script
export THRESHOLD
export SIZE
export DECNUM
export WNAME
export SIGMA
export ALPHA
export BETA
export DELTA
export NUM_PROC

# python -c "from reconstructor_NA import recon_FBP_single; recon_FBP_single($LSB_JOBINDEX)"
# python -c "from reconstructor_NA import recon_FBP_multi; recon_FBP_multi($LSB_JOBINDEX)"
# python -c "from reconstructor_NA import recon_TV_single; recon_TV_single($LSB_JOBINDEX)"
python -c "from reconstructor_NA import recon_TV_multi; recon_TV_multi($LSB_JOBINDEX)"


------------------------------------------------------------

Successfully completed.

Resource usage summary:

    CPU time :                                   932.00 sec.
    Max Memory :                                 2039 MB
    Average Memory :                             1716.88 MB
    Total Requested Memory :                     64000.00 MB
    Delta Memory :                               61961.00 MB
    Max Swap :                                   -
    Max Processes :                              4
    Max Threads :                                21
    Run time :                                   882 sec.
    Turnaround time :                            9664 sec.

The output (if any) is above this job summary.



PS:

Read file <my_job_error1.log> for stderr output of this job.

                                                                                                                                                                                                                                                                                                                                                                                                                                                                                                                                                                                                                                                                                                                                                                                                                                                                                                                                                                                                                                                                                                                                                                                                                                                                                                                                                                                                                                                                                                                                                                                                                                                                                                                                                                                                                                                                                                                                                                                                                                                                                                                                                                                                                                                                                                                                                                                                                                                                                                                                                                                                                                                                                                                                                                                                                                                                                                                                                                                                                                 Initiating batch TV reconstruction from saved sinograms
Data loading time: 12.21 seconds
-----------------------------------
Sender: LSF System <lsfadmin@hpc.dtu.dk>
Subject: Job 23674221[43]: <folder_job[1-100]> in cluster <dcc> Done

Job <folder_job[1-100]> was submitted from host <gbarlogin1> by user <msaca> in cluster <dcc> at Mon Jan 13 20:01:30 2025
Job was executed on host(s) <4*n-62-20-3>, in queue <gpuv100>, as user <msaca> in cluster <dcc> at Mon Jan 13 22:28:31 2025
</zhome/71/c/146676> was used as the home directory.
</zhome/71/c/146676/main> was used as the working directory.
Started at Mon Jan 13 22:28:31 2025
Terminated at Mon Jan 13 22:43:15 2025
Results reported at Mon Jan 13 22:43:15 2025

Your job looked like:

------------------------------------------------------------
# LSBATCH: User input
#!/bin/bash
# embedded options to bsub - start with #BSUB
# -- name ---
#BSUB -J Recon
# -- choose queue --
# For gpu write gpuv100
#BSUB -q gpuv100
#BSUB -gpu "num=1"
#BSUB -e my_job_error1.log
#BSUB -o my_job_output1.log
#BSUB -M 16000
#BSUB -R "rusage[mem=16000]"
# -- estimated wall clock time (execution time): hh:mm -- 
#BSUB -W 24:00 
# -- Number of cores requested -- 
#BSUB -n 4
# -- Specify the distribution of the cores: on a separate nodes --
#BSUB -R "span[hosts=1]"
# Array job: N tasks, one per folder
#BSUB -J folder_job[1-100]
# -- end of LSF options -- 

source /zhome/71/c/146676/miniconda3/bin/activate && conda activate cil5


THRESHOLD="0.5"
SIZE="7"
DECNUM="5"
WNAME="10"
SIGMA="0.3"
ALPHA="100.0"
NUM_PROC="100"

# Export variables to make them available to the Python script
export THRESHOLD
export SIZE
export DECNUM
export WNAME
export SIGMA
export ALPHA
export BETA
export DELTA
export NUM_PROC

# python -c "from reconstructor_NA import recon_FBP_single; recon_FBP_single($LSB_JOBINDEX)"
# python -c "from reconstructor_NA import recon_FBP_multi; recon_FBP_multi($LSB_JOBINDEX)"
# python -c "from reconstructor_NA import recon_TV_single; recon_TV_single($LSB_JOBINDEX)"
python -c "from reconstructor_NA import recon_TV_multi; recon_TV_multi($LSB_JOBINDEX)"


------------------------------------------------------------

Successfully completed.

Resource usage summary:

    CPU time :                                   935.00 sec.
    Max Memory :                                 2186 MB
    Average Memory :                             1670.22 MB
    Total Requested Memory :                     64000.00 MB
    Delta Memory :                               61814.00 MB
    Max Swap :                                   -
    Max Processes :                              4
    Max Threads :                                21
    Run time :                                   885 sec.
    Turnaround time :                            9705 sec.

The output (if any) is above this job summary.



PS:

Read file <my_job_error1.log> for stderr output of this job.

Reconstruction time: 857.35 seconds
Writing time: 10.74 seconds

------------------------------------------------------------
Sender: LSF System <lsfadmin@hpc.dtu.dk>
Subject: Job 23674221[44]: <folder_job[1-100]> in cluster <dcc> Done

Job <folder_job[1-100]> was submitted from host <gbarlogin1> by user <msaca> in cluster <dcc> at Mon Jan 13 20:01:30 2025
Job was executed on host(s) <4*n-62-20-3>, in queue <gpuv100>, as user <msaca> in cluster <dcc> at Mon Jan 13 22:28:51 2025
</zhome/71/c/146676> was used as the home directory.
</zhome/71/c/146676/main> was used as the working directory.
Started at Mon Jan 13 22:28:51 2025
Terminated at Mon Jan 13 22:43:36 2025
Results reported at Mon Jan 13 22:43:36 2025

Your job looked like:

------------------------------------------------------------
# LSBATCH: User input
#!/bin/bash
# embedded options to bsub - start with #BSUB
# -- name ---
#BSUB -J Recon
# -- choose queue --
# For gpu write gpuv100
#BSUB -q gpuv100
#BSUB -gpu "num=1"
#BSUB -e my_job_error1.log
#BSUB -o my_job_output1.log
#BSUB -M 16000
#BSUB -R "rusage[mem=16000]"
# -- estimated wall clock time (execution time): hh:mm -- 
#BSUB -W 24:00 
# -- Number of cores requested -- 
#BSUB -n 4
# -- Specify the distribution of the cores: on a separate nodes --
#BSUB -R "span[hosts=1]"
# Array job: N tasks, one per folder
#BSUB -J folder_job[1-100]
# -- end of LSF options -- 

source /zhome/71/c/146676/miniconda3/bin/activate && conda activate cil5


THRESHOLD="0.5"
SIZE="7"
DECNUM="5"
WNAME="10"
SIGMA="0.3"
ALPHA="100.0"
NUM_PROC="100"

# Export variables to make them available to the Python script
export THRESHOLD
export SIZE
export DECNUM
export WNAME
export SIGMA
export ALPHA
export BETA
export DELTA
export NUM_PROC

# python -c "from reconstructor_NA import recon_FBP_single; recon_FBP_single($LSB_JOBINDEX)"
# python -c "from reconstructor_NA import recon_FBP_multi; recon_FBP_multi($LSB_JOBINDEX)"
# python -c "from reconstructor_NA import recon_TV_single; recon_TV_single($LSB_JOBINDEX)"
python -c "from reconstructor_NA import recon_TV_multi; recon_TV_multi($LSB_JOBINDEX)"


------------------------------------------------------------

Successfully completed.

Resource usage summary:

    CPU time :                                   939.00 sec.
    Max Memory :                                 2033 MB
    Average Memory :                             1744.67 MB
    Total Requested Memory :                     64000.00 MB
    Delta Memory :                               61967.00 MB
    Max Swap :                                   -
    Max Processes :                              4
    Max Threads :                                21
    Run time :                                   886 sec.
    Turnaround time :                            9726 sec.

The output (if any) is above this job summary.



PS:

Read file <my_job_error1.log> for stderr output of this job.

Initiating batch TV reconstruction from saved sinograms
Data loading time: 12.16 seconds
Initiating batch TV reconstruction from saved sinograms
Data loading time: 14.72 seconds
Reconstruction time: 851.80 seconds
Writing time: 10.11 seconds

------------------------------------------------------------
Sender: LSF System <lsfadmin@hpc.dtu.dk>
Subject: Job 23674221[45]: <folder_job[1-100]> in cluster <dcc> Done

Job <folder_job[1-100]> was submitted from host <gbarlogin1> by user <msaca> in cluster <dcc> at Mon Jan 13 20:01:30 2025
Job was executed on host(s) <4*n-62-20-5>, in queue <gpuv100>, as user <msaca> in cluster <dcc> at Mon Jan 13 22:42:34 2025
</zhome/71/c/146676> was used as the home directory.
</zhome/71/c/146676/main> was used as the working directory.
Started at Mon Jan 13 22:42:34 2025
Terminated at Mon Jan 13 22:57:14 2025
Results reported at Mon Jan 13 22:57:14 2025

Your job looked like:

------------------------------------------------------------
# LSBATCH: User input
#!/bin/bash
# embedded options to bsub - start with #BSUB
# -- name ---
#BSUB -J Recon
# -- choose queue --
# For gpu write gpuv100
#BSUB -q gpuv100
#BSUB -gpu "num=1"
#BSUB -e my_job_error1.log
#BSUB -o my_job_output1.log
#BSUB -M 16000
#BSUB -R "rusage[mem=16000]"
# -- estimated wall clock time (execution time): hh:mm -- 
#BSUB -W 24:00 
# -- Number of cores requested -- 
#BSUB -n 4
# -- Specify the distribution of the cores: on a separate nodes --
#BSUB -R "span[hosts=1]"
# Array job: N tasks, one per folder
#BSUB -J folder_job[1-100]
# -- end of LSF options -- 

source /zhome/71/c/146676/miniconda3/bin/activate && conda activate cil5


THRESHOLD="0.5"
SIZE="7"
DECNUM="5"
WNAME="10"
SIGMA="0.3"
ALPHA="100.0"
NUM_PROC="100"

# Export variables to make them available to the Python script
export THRESHOLD
export SIZE
export DECNUM
export WNAME
export SIGMA
export ALPHA
export BETA
export DELTA
export NUM_PROC

# python -c "from reconstructor_NA import recon_FBP_single; recon_FBP_single($LSB_JOBINDEX)"
# python -c "from reconstructor_NA import recon_FBP_multi; recon_FBP_multi($LSB_JOBINDEX)"
# python -c "from reconstructor_NA import recon_TV_single; recon_TV_single($LSB_JOBINDEX)"
python -c "from reconstructor_NA import recon_TV_multi; recon_TV_multi($LSB_JOBINDEX)"


------------------------------------------------------------

Successfully completed.

Resource usage summary:

    CPU time :                                   932.00 sec.
    Max Memory :                                 2034 MB
    Average Memory :                             1730.22 MB
    Total Requested Memory :                     64000.00 MB
    Delta Memory :                               61966.00 MB
    Max Swap :                                   -
    Max Processes :                              4
    Max Threads :                                21
    Run time :                                   880 sec.
    Turnaround time :                            10544 sec.

The output (if any) is above this job summary.



PS:

Read file <my_job_error1.log> for stderr output of this job.

Reconstruction time: 852.63 seconds
Writing time: 10.38 seconds

------------------------------------------------------------
Sender: LSF System <lsfadmin@hpc.dtu.dk>
Subject: Job 23674221[46]: <folder_job[1-100]> in cluster <dcc> Done

Job <folder_job[1-100]> was submitted from host <gbarlogin1> by user <msaca> in cluster <dcc> at Mon Jan 13 20:01:30 2025
Job was executed on host(s) <4*n-62-20-2>, in queue <gpuv100>, as user <msaca> in cluster <dcc> at Mon Jan 13 22:42:38 2025
</zhome/71/c/146676> was used as the home directory.
</zhome/71/c/146676/main> was used as the working directory.
Started at Mon Jan 13 22:42:38 2025
Terminated at Mon Jan 13 22:57:22 2025
Results reported at Mon Jan 13 22:57:22 2025

Your job looked like:

------------------------------------------------------------
# LSBATCH: User input
#!/bin/bash
# embedded options to bsub - start with #BSUB
# -- name ---
#BSUB -J Recon
# -- choose queue --
# For gpu write gpuv100
#BSUB -q gpuv100
#BSUB -gpu "num=1"
#BSUB -e my_job_error1.log
#BSUB -o my_job_output1.log
#BSUB -M 16000
#BSUB -R "rusage[mem=16000]"
# -- estimated wall clock time (execution time): hh:mm -- 
#BSUB -W 24:00 
# -- Number of cores requested -- 
#BSUB -n 4
# -- Specify the distribution of the cores: on a separate nodes --
#BSUB -R "span[hosts=1]"
# Array job: N tasks, one per folder
#BSUB -J folder_job[1-100]
# -- end of LSF options -- 

source /zhome/71/c/146676/miniconda3/bin/activate && conda activate cil5


THRESHOLD="0.5"
SIZE="7"
DECNUM="5"
WNAME="10"
SIGMA="0.3"
ALPHA="100.0"
NUM_PROC="100"

# Export variables to make them available to the Python script
export THRESHOLD
export SIZE
export DECNUM
export WNAME
export SIGMA
export ALPHA
export BETA
export DELTA
export NUM_PROC

# python -c "from reconstructor_NA import recon_FBP_single; recon_FBP_single($LSB_JOBINDEX)"
# python -c "from reconstructor_NA import recon_FBP_multi; recon_FBP_multi($LSB_JOBINDEX)"
# python -c "from reconstructor_NA import recon_TV_single; recon_TV_single($LSB_JOBINDEX)"
python -c "from reconstructor_NA import recon_TV_multi; recon_TV_multi($LSB_JOBINDEX)"


------------------------------------------------------------

Successfully completed.

Resource usage summary:

    CPU time :                                   932.00 sec.
    Max Memory :                                 2032 MB
    Average Memory :                             1673.56 MB
    Total Requested Memory :                     64000.00 MB
    Delta Memory :                               61968.00 MB
    Max Swap :                                   -
    Max Processes :                              4
    Max Threads :                                21
    Run time :                                   885 sec.
    Turnaround time :                            10552 sec.

The output (if any) is above this job summary.



PS:

Read file <my_job_error1.log> for stderr output of this job.

Initiating batch TV reconstruction from saved sinograms
Data loading time: 11.81 seconds
-----------------------------------
Sender: LSF System <lsfadmin@hpc.dtu.dk>
Subject: Job 23674221[47]: <folder_job[1-100]> in cluster <dcc> Done

Job <folder_job[1-100]> was submitted from host <gbarlogin1> by user <msaca> in cluster <dcc> at Mon Jan 13 20:01:30 2025
Job was executed on host(s) <4*n-62-20-3>, in queue <gpuv100>, as user <msaca> in cluster <dcc> at Mon Jan 13 22:43:17 2025
</zhome/71/c/146676> was used as the home directory.
</zhome/71/c/146676/main> was used as the working directory.
Started at Mon Jan 13 22:43:17 2025
Terminated at Mon Jan 13 22:57:58 2025
Results reported at Mon Jan 13 22:57:58 2025

Your job looked like:

------------------------------------------------------------
# LSBATCH: User input
#!/bin/bash
# embedded options to bsub - start with #BSUB
# -- name ---
#BSUB -J Recon
# -- choose queue --
# For gpu write gpuv100
#BSUB -q gpuv100
#BSUB -gpu "num=1"
#BSUB -e my_job_error1.log
#BSUB -o my_job_output1.log
#BSUB -M 16000
#BSUB -R "rusage[mem=16000]"
# -- estimated wall clock time (execution time): hh:mm -- 
#BSUB -W 24:00 
# -- Number of cores requested -- 
#BSUB -n 4
# -- Specify the distribution of the cores: on a separate nodes --
#BSUB -R "span[hosts=1]"
# Array job: N tasks, one per folder
#BSUB -J folder_job[1-100]
# -- end of LSF options -- 

source /zhome/71/c/146676/miniconda3/bin/activate && conda activate cil5


THRESHOLD="0.5"
SIZE="7"
DECNUM="5"
WNAME="10"
SIGMA="0.3"
ALPHA="100.0"
NUM_PROC="100"

# Export variables to make them available to the Python script
export THRESHOLD
export SIZE
export DECNUM
export WNAME
export SIGMA
export ALPHA
export BETA
export DELTA
export NUM_PROC

# python -c "from reconstructor_NA import recon_FBP_single; recon_FBP_single($LSB_JOBINDEX)"
# python -c "from reconstructor_NA import recon_FBP_multi; recon_FBP_multi($LSB_JOBINDEX)"
# python -c "from reconstructor_NA import recon_TV_single; recon_TV_single($LSB_JOBINDEX)"
python -c "from reconstructor_NA import recon_TV_multi; recon_TV_multi($LSB_JOBINDEX)"


------------------------------------------------------------

Successfully completed.

Resource usage summary:

    CPU time :                                   936.00 sec.
    Max Memory :                                 2283 MB
    Average Memory :                             1668.22 MB
    Total Requested Memory :                     64000.00 MB
    Delta Memory :                               61717.00 MB
    Max Swap :                                   -
    Max Processes :                              4
    Max Threads :                                21
    Run time :                                   883 sec.
    Turnaround time :                            10588 sec.

The output (if any) is above this job summary.



PS:

Read file <my_job_error1.log> for stderr output of this job.

Reconstruction time: 858.51 seconds
Writing time: 10.80 seconds

------------------------------------------------------------
Sender: LSF System <lsfadmin@hpc.dtu.dk>
Subject: Job 23674221[48]: <folder_job[1-100]> in cluster <dcc> Done

Job <folder_job[1-100]> was submitted from host <gbarlogin1> by user <msaca> in cluster <dcc> at Mon Jan 13 20:01:30 2025
Job was executed on host(s) <4*n-62-20-3>, in queue <gpuv100>, as user <msaca> in cluster <dcc> at Mon Jan 13 22:43:37 2025
</zhome/71/c/146676> was used as the home directory.
</zhome/71/c/146676/main> was used as the working directory.
Started at Mon Jan 13 22:43:37 2025
Terminated at Mon Jan 13 22:58:26 2025
Results reported at Mon Jan 13 22:58:26 2025

Your job looked like:

------------------------------------------------------------
# LSBATCH: User input
#!/bin/bash
# embedded options to bsub - start with #BSUB
# -- name ---
#BSUB -J Recon
# -- choose queue --
# For gpu write gpuv100
#BSUB -q gpuv100
#BSUB -gpu "num=1"
#BSUB -e my_job_error1.log
#BSUB -o my_job_output1.log
#BSUB -M 16000
#BSUB -R "rusage[mem=16000]"
# -- estimated wall clock time (execution time): hh:mm -- 
#BSUB -W 24:00 
# -- Number of cores requested -- 
#BSUB -n 4
# -- Specify the distribution of the cores: on a separate nodes --
#BSUB -R "span[hosts=1]"
# Array job: N tasks, one per folder
#BSUB -J folder_job[1-100]
# -- end of LSF options -- 

source /zhome/71/c/146676/miniconda3/bin/activate && conda activate cil5


THRESHOLD="0.5"
SIZE="7"
DECNUM="5"
WNAME="10"
SIGMA="0.3"
ALPHA="100.0"
NUM_PROC="100"

# Export variables to make them available to the Python script
export THRESHOLD
export SIZE
export DECNUM
export WNAME
export SIGMA
export ALPHA
export BETA
export DELTA
export NUM_PROC

# python -c "from reconstructor_NA import recon_FBP_single; recon_FBP_single($LSB_JOBINDEX)"
# python -c "from reconstructor_NA import recon_FBP_multi; recon_FBP_multi($LSB_JOBINDEX)"
# python -c "from reconstructor_NA import recon_TV_single; recon_TV_single($LSB_JOBINDEX)"
python -c "from reconstructor_NA import recon_TV_multi; recon_TV_multi($LSB_JOBINDEX)"


------------------------------------------------------------

Successfully completed.

Resource usage summary:

    CPU time :                                   940.00 sec.
    Max Memory :                                 2037 MB
    Average Memory :                             1741.00 MB
    Total Requested Memory :                     64000.00 MB
    Delta Memory :                               61963.00 MB
    Max Swap :                                   -
    Max Processes :                              4
    Max Threads :                                21
    Run time :                                   889 sec.
    Turnaround time :                            10616 sec.

The output (if any) is above this job summary.



PS:

Read file <my_job_error1.log> for stderr output of this job.

Initiating batch TV reconstruction from saved sinograms
Data loading time: 10.13 seconds
Initiating batch TV reconstruction from saved sinograms
Data loading time: 10.74 seconds
Reconstruction time: 852.78 seconds
Writing time: 10.16 seconds

------------------------------------------------------------
Sender: LSF System <lsfadmin@hpc.dtu.dk>
Subject: Job 23674221[49]: <folder_job[1-100]> in cluster <dcc> Done

Job <folder_job[1-100]> was submitted from host <gbarlogin1> by user <msaca> in cluster <dcc> at Mon Jan 13 20:01:30 2025
Job was executed on host(s) <4*n-62-20-5>, in queue <gpuv100>, as user <msaca> in cluster <dcc> at Mon Jan 13 22:57:16 2025
</zhome/71/c/146676> was used as the home directory.
</zhome/71/c/146676/main> was used as the working directory.
Started at Mon Jan 13 22:57:16 2025
Terminated at Mon Jan 13 23:11:54 2025
Results reported at Mon Jan 13 23:11:54 2025

Your job looked like:

------------------------------------------------------------
# LSBATCH: User input
#!/bin/bash
# embedded options to bsub - start with #BSUB
# -- name ---
#BSUB -J Recon
# -- choose queue --
# For gpu write gpuv100
#BSUB -q gpuv100
#BSUB -gpu "num=1"
#BSUB -e my_job_error1.log
#BSUB -o my_job_output1.log
#BSUB -M 16000
#BSUB -R "rusage[mem=16000]"
# -- estimated wall clock time (execution time): hh:mm -- 
#BSUB -W 24:00 
# -- Number of cores requested -- 
#BSUB -n 4
# -- Specify the distribution of the cores: on a separate nodes --
#BSUB -R "span[hosts=1]"
# Array job: N tasks, one per folder
#BSUB -J folder_job[1-100]
# -- end of LSF options -- 

source /zhome/71/c/146676/miniconda3/bin/activate && conda activate cil5


THRESHOLD="0.5"
SIZE="7"
DECNUM="5"
WNAME="10"
SIGMA="0.3"
ALPHA="100.0"
NUM_PROC="100"

# Export variables to make them available to the Python script
export THRESHOLD
export SIZE
export DECNUM
export WNAME
export SIGMA
export ALPHA
export BETA
export DELTA
export NUM_PROC

# python -c "from reconstructor_NA import recon_FBP_single; recon_FBP_single($LSB_JOBINDEX)"
# python -c "from reconstructor_NA import recon_FBP_multi; recon_FBP_multi($LSB_JOBINDEX)"
# python -c "from reconstructor_NA import recon_TV_single; recon_TV_single($LSB_JOBINDEX)"
python -c "from reconstructor_NA import recon_TV_multi; recon_TV_multi($LSB_JOBINDEX)"


------------------------------------------------------------

Successfully completed.

Resource usage summary:

    CPU time :                                   932.00 sec.
    Max Memory :                                 2038 MB
    Average Memory :                             1684.38 MB
    Total Requested Memory :                     64000.00 MB
    Delta Memory :                               61962.00 MB
    Max Swap :                                   -
    Max Processes :                              4
    Max Threads :                                21
    Run time :                                   880 sec.
    Turnaround time :                            11424 sec.

The output (if any) is above this job summary.



PS:

Read file <my_job_error1.log> for stderr output of this job.

Reconstruction time: 852.83 seconds
Writing time: 10.78 seconds

------------------------------------------------------------
Sender: LSF System <lsfadmin@hpc.dtu.dk>
Subject: Job 23674221[50]: <folder_job[1-100]> in cluster <dcc> Done

Job <folder_job[1-100]> was submitted from host <gbarlogin1> by user <msaca> in cluster <dcc> at Mon Jan 13 20:01:30 2025
Job was executed on host(s) <4*n-62-20-2>, in queue <gpuv100>, as user <msaca> in cluster <dcc> at Mon Jan 13 22:57:23 2025
</zhome/71/c/146676> was used as the home directory.
</zhome/71/c/146676/main> was used as the working directory.
Started at Mon Jan 13 22:57:23 2025
Terminated at Mon Jan 13 23:12:04 2025
Results reported at Mon Jan 13 23:12:04 2025

Your job looked like:

------------------------------------------------------------
# LSBATCH: User input
#!/bin/bash
# embedded options to bsub - start with #BSUB
# -- name ---
#BSUB -J Recon
# -- choose queue --
# For gpu write gpuv100
#BSUB -q gpuv100
#BSUB -gpu "num=1"
#BSUB -e my_job_error1.log
#BSUB -o my_job_output1.log
#BSUB -M 16000
#BSUB -R "rusage[mem=16000]"
# -- estimated wall clock time (execution time): hh:mm -- 
#BSUB -W 24:00 
# -- Number of cores requested -- 
#BSUB -n 4
# -- Specify the distribution of the cores: on a separate nodes --
#BSUB -R "span[hosts=1]"
# Array job: N tasks, one per folder
#BSUB -J folder_job[1-100]
# -- end of LSF options -- 

source /zhome/71/c/146676/miniconda3/bin/activate && conda activate cil5


THRESHOLD="0.5"
SIZE="7"
DECNUM="5"
WNAME="10"
SIGMA="0.3"
ALPHA="100.0"
NUM_PROC="100"

# Export variables to make them available to the Python script
export THRESHOLD
export SIZE
export DECNUM
export WNAME
export SIGMA
export ALPHA
export BETA
export DELTA
export NUM_PROC

# python -c "from reconstructor_NA import recon_FBP_single; recon_FBP_single($LSB_JOBINDEX)"
# python -c "from reconstructor_NA import recon_FBP_multi; recon_FBP_multi($LSB_JOBINDEX)"
# python -c "from reconstructor_NA import recon_TV_single; recon_TV_single($LSB_JOBINDEX)"
python -c "from reconstructor_NA import recon_TV_multi; recon_TV_multi($LSB_JOBINDEX)"


------------------------------------------------------------

Successfully completed.

Resource usage summary:

    CPU time :                                   933.00 sec.
    Max Memory :                                 2038 MB
    Average Memory :                             1710.75 MB
    Total Requested Memory :                     64000.00 MB
    Delta Memory :                               61962.00 MB
    Max Swap :                                   -
    Max Processes :                              4
    Max Threads :                                21
    Run time :                                   882 sec.
    Turnaround time :                            11434 sec.

The output (if any) is above this job summary.



PS:

Read file <my_job_error1.log> for stderr output of this job.

                                                                                         Initiating batch TV reconstruction from saved sinograms
Data loading time: 14.10 seconds
-----------------------------------
Sender: LSF System <lsfadmin@hpc.dtu.dk>
Subject: Job 23674221[51]: <folder_job[1-100]> in cluster <dcc> Done

Job <folder_job[1-100]> was submitted from host <gbarlogin1> by user <msaca> in cluster <dcc> at Mon Jan 13 20:01:30 2025
Job was executed on host(s) <4*n-62-20-3>, in queue <gpuv100>, as user <msaca> in cluster <dcc> at Mon Jan 13 22:57:59 2025
</zhome/71/c/146676> was used as the home directory.
</zhome/71/c/146676/main> was used as the working directory.
Started at Mon Jan 13 22:57:59 2025
Terminated at Mon Jan 13 23:12:38 2025
Results reported at Mon Jan 13 23:12:38 2025

Your job looked like:

------------------------------------------------------------
# LSBATCH: User input
#!/bin/bash
# embedded options to bsub - start with #BSUB
# -- name ---
#BSUB -J Recon
# -- choose queue --
# For gpu write gpuv100
#BSUB -q gpuv100
#BSUB -gpu "num=1"
#BSUB -e my_job_error1.log
#BSUB -o my_job_output1.log
#BSUB -M 16000
#BSUB -R "rusage[mem=16000]"
# -- estimated wall clock time (execution time): hh:mm -- 
#BSUB -W 24:00 
# -- Number of cores requested -- 
#BSUB -n 4
# -- Specify the distribution of the cores: on a separate nodes --
#BSUB -R "span[hosts=1]"
# Array job: N tasks, one per folder
#BSUB -J folder_job[1-100]
# -- end of LSF options -- 

source /zhome/71/c/146676/miniconda3/bin/activate && conda activate cil5


THRESHOLD="0.5"
SIZE="7"
DECNUM="5"
WNAME="10"
SIGMA="0.3"
ALPHA="100.0"
NUM_PROC="100"

# Export variables to make them available to the Python script
export THRESHOLD
export SIZE
export DECNUM
export WNAME
export SIGMA
export ALPHA
export BETA
export DELTA
export NUM_PROC

# python -c "from reconstructor_NA import recon_FBP_single; recon_FBP_single($LSB_JOBINDEX)"
# python -c "from reconstructor_NA import recon_FBP_multi; recon_FBP_multi($LSB_JOBINDEX)"
# python -c "from reconstructor_NA import recon_TV_single; recon_TV_single($LSB_JOBINDEX)"
python -c "from reconstructor_NA import recon_TV_multi; recon_TV_multi($LSB_JOBINDEX)"


------------------------------------------------------------

Successfully completed.

Resource usage summary:

    CPU time :                                   935.00 sec.
    Max Memory :                                 2184 MB
    Average Memory :                             1733.38 MB
    Total Requested Memory :                     64000.00 MB
    Delta Memory :                               61816.00 MB
    Max Swap :                                   -
    Max Processes :                              4
    Max Threads :                                21
    Run time :                                   880 sec.
    Turnaround time :                            11468 sec.

The output (if any) is above this job summary.



PS:

Read file <my_job_error1.log> for stderr output of this job.

Initiating batch TV reconstruction from saved sinograms
Data loading time: 10.92 seconds
Reconstruction time: 856.84 seconds
Writing time: 10.51 seconds

------------------------------------------------------------
Sender: LSF System <lsfadmin@hpc.dtu.dk>
Subject: Job 23674221[52]: <folder_job[1-100]> in cluster <dcc> Done

Job <folder_job[1-100]> was submitted from host <gbarlogin1> by user <msaca> in cluster <dcc> at Mon Jan 13 20:01:30 2025
Job was executed on host(s) <4*n-62-20-3>, in queue <gpuv100>, as user <msaca> in cluster <dcc> at Mon Jan 13 22:58:27 2025
</zhome/71/c/146676> was used as the home directory.
</zhome/71/c/146676/main> was used as the working directory.
Started at Mon Jan 13 22:58:27 2025
Terminated at Mon Jan 13 23:13:11 2025
Results reported at Mon Jan 13 23:13:11 2025

Your job looked like:

------------------------------------------------------------
# LSBATCH: User input
#!/bin/bash
# embedded options to bsub - start with #BSUB
# -- name ---
#BSUB -J Recon
# -- choose queue --
# For gpu write gpuv100
#BSUB -q gpuv100
#BSUB -gpu "num=1"
#BSUB -e my_job_error1.log
#BSUB -o my_job_output1.log
#BSUB -M 16000
#BSUB -R "rusage[mem=16000]"
# -- estimated wall clock time (execution time): hh:mm -- 
#BSUB -W 24:00 
# -- Number of cores requested -- 
#BSUB -n 4
# -- Specify the distribution of the cores: on a separate nodes --
#BSUB -R "span[hosts=1]"
# Array job: N tasks, one per folder
#BSUB -J folder_job[1-100]
# -- end of LSF options -- 

source /zhome/71/c/146676/miniconda3/bin/activate && conda activate cil5


THRESHOLD="0.5"
SIZE="7"
DECNUM="5"
WNAME="10"
SIGMA="0.3"
ALPHA="100.0"
NUM_PROC="100"

# Export variables to make them available to the Python script
export THRESHOLD
export SIZE
export DECNUM
export WNAME
export SIGMA
export ALPHA
export BETA
export DELTA
export NUM_PROC

# python -c "from reconstructor_NA import recon_FBP_single; recon_FBP_single($LSB_JOBINDEX)"
# python -c "from reconstructor_NA import recon_FBP_multi; recon_FBP_multi($LSB_JOBINDEX)"
# python -c "from reconstructor_NA import recon_TV_single; recon_TV_single($LSB_JOBINDEX)"
python -c "from reconstructor_NA import recon_TV_multi; recon_TV_multi($LSB_JOBINDEX)"


------------------------------------------------------------

Successfully completed.

Resource usage summary:

    CPU time :                                   938.00 sec.
    Max Memory :                                 2033 MB
    Average Memory :                             1699.44 MB
    Total Requested Memory :                     64000.00 MB
    Delta Memory :                               61967.00 MB
    Max Swap :                                   -
    Max Processes :                              4
    Max Threads :                                21
    Run time :                                   885 sec.
    Turnaround time :                            11501 sec.

The output (if any) is above this job summary.



PS:

Read file <my_job_error1.log> for stderr output of this job.

Initiating batch TV reconstruction from saved sinograms
Data loading time: 11.96 seconds
Reconstruction time: 853.04 seconds
Writing time: 10.54 seconds

------------------------------------------------------------
Sender: LSF System <lsfadmin@hpc.dtu.dk>
Subject: Job 23674221[53]: <folder_job[1-100]> in cluster <dcc> Done

Job <folder_job[1-100]> was submitted from host <gbarlogin1> by user <msaca> in cluster <dcc> at Mon Jan 13 20:01:30 2025
Job was executed on host(s) <4*n-62-20-5>, in queue <gpuv100>, as user <msaca> in cluster <dcc> at Mon Jan 13 23:11:56 2025
</zhome/71/c/146676> was used as the home directory.
</zhome/71/c/146676/main> was used as the working directory.
Started at Mon Jan 13 23:11:56 2025
Terminated at Mon Jan 13 23:26:37 2025
Results reported at Mon Jan 13 23:26:37 2025

Your job looked like:

------------------------------------------------------------
# LSBATCH: User input
#!/bin/bash
# embedded options to bsub - start with #BSUB
# -- name ---
#BSUB -J Recon
# -- choose queue --
# For gpu write gpuv100
#BSUB -q gpuv100
#BSUB -gpu "num=1"
#BSUB -e my_job_error1.log
#BSUB -o my_job_output1.log
#BSUB -M 16000
#BSUB -R "rusage[mem=16000]"
# -- estimated wall clock time (execution time): hh:mm -- 
#BSUB -W 24:00 
# -- Number of cores requested -- 
#BSUB -n 4
# -- Specify the distribution of the cores: on a separate nodes --
#BSUB -R "span[hosts=1]"
# Array job: N tasks, one per folder
#BSUB -J folder_job[1-100]
# -- end of LSF options -- 

source /zhome/71/c/146676/miniconda3/bin/activate && conda activate cil5


THRESHOLD="0.5"
SIZE="7"
DECNUM="5"
WNAME="10"
SIGMA="0.3"
ALPHA="100.0"
NUM_PROC="100"

# Export variables to make them available to the Python script
export THRESHOLD
export SIZE
export DECNUM
export WNAME
export SIGMA
export ALPHA
export BETA
export DELTA
export NUM_PROC

# python -c "from reconstructor_NA import recon_FBP_single; recon_FBP_single($LSB_JOBINDEX)"
# python -c "from reconstructor_NA import recon_FBP_multi; recon_FBP_multi($LSB_JOBINDEX)"
# python -c "from reconstructor_NA import recon_TV_single; recon_TV_single($LSB_JOBINDEX)"
python -c "from reconstructor_NA import recon_TV_multi; recon_TV_multi($LSB_JOBINDEX)"


------------------------------------------------------------

Successfully completed.

Resource usage summary:

    CPU time :                                   933.00 sec.
    Max Memory :                                 2034 MB
    Average Memory :                             1745.22 MB
    Total Requested Memory :                     64000.00 MB
    Delta Memory :                               61966.00 MB
    Max Swap :                                   -
    Max Processes :                              4
    Max Threads :                                21
    Run time :                                   881 sec.
    Turnaround time :                            12307 sec.

The output (if any) is above this job summary.



PS:

Read file <my_job_error1.log> for stderr output of this job.

Reconstruction time: 851.25 seconds
Writing time: 10.44 seconds

------------------------------------------------------------
Sender: LSF System <lsfadmin@hpc.dtu.dk>
Subject: Job 23674221[54]: <folder_job[1-100]> in cluster <dcc> Done

Job <folder_job[1-100]> was submitted from host <gbarlogin1> by user <msaca> in cluster <dcc> at Mon Jan 13 20:01:30 2025
Job was executed on host(s) <4*n-62-20-2>, in queue <gpuv100>, as user <msaca> in cluster <dcc> at Mon Jan 13 23:12:04 2025
</zhome/71/c/146676> was used as the home directory.
</zhome/71/c/146676/main> was used as the working directory.
Started at Mon Jan 13 23:12:04 2025
Terminated at Mon Jan 13 23:26:45 2025
Results reported at Mon Jan 13 23:26:45 2025

Your job looked like:

------------------------------------------------------------
# LSBATCH: User input
#!/bin/bash
# embedded options to bsub - start with #BSUB
# -- name ---
#BSUB -J Recon
# -- choose queue --
# For gpu write gpuv100
#BSUB -q gpuv100
#BSUB -gpu "num=1"
#BSUB -e my_job_error1.log
#BSUB -o my_job_output1.log
#BSUB -M 16000
#BSUB -R "rusage[mem=16000]"
# -- estimated wall clock time (execution time): hh:mm -- 
#BSUB -W 24:00 
# -- Number of cores requested -- 
#BSUB -n 4
# -- Specify the distribution of the cores: on a separate nodes --
#BSUB -R "span[hosts=1]"
# Array job: N tasks, one per folder
#BSUB -J folder_job[1-100]
# -- end of LSF options -- 

source /zhome/71/c/146676/miniconda3/bin/activate && conda activate cil5


THRESHOLD="0.5"
SIZE="7"
DECNUM="5"
WNAME="10"
SIGMA="0.3"
ALPHA="100.0"
NUM_PROC="100"

# Export variables to make them available to the Python script
export THRESHOLD
export SIZE
export DECNUM
export WNAME
export SIGMA
export ALPHA
export BETA
export DELTA
export NUM_PROC

# python -c "from reconstructor_NA import recon_FBP_single; recon_FBP_single($LSB_JOBINDEX)"
# python -c "from reconstructor_NA import recon_FBP_multi; recon_FBP_multi($LSB_JOBINDEX)"
# python -c "from reconstructor_NA import recon_TV_single; recon_TV_single($LSB_JOBINDEX)"
python -c "from reconstructor_NA import recon_TV_multi; recon_TV_multi($LSB_JOBINDEX)"


------------------------------------------------------------

Successfully completed.

Resource usage summary:

    CPU time :                                   931.00 sec.
    Max Memory :                                 2040 MB
    Average Memory :                             1733.44 MB
    Total Requested Memory :                     64000.00 MB
    Delta Memory :                               61960.00 MB
    Max Swap :                                   -
    Max Processes :                              4
    Max Threads :                                21
    Run time :                                   881 sec.
    Turnaround time :                            12315 sec.

The output (if any) is above this job summary.



PS:

Read file <my_job_error1.log> for stderr output of this job.

Initiating batch TV reconstruction from saved sinograms
Data loading time: 12.69 seconds
------------------------------------
Sender: LSF System <lsfadmin@hpc.dtu.dk>
Subject: Job 23674221[55]: <folder_job[1-100]> in cluster <dcc> Done

Job <folder_job[1-100]> was submitted from host <gbarlogin1> by user <msaca> in cluster <dcc> at Mon Jan 13 20:01:30 2025
Job was executed on host(s) <4*n-62-20-3>, in queue <gpuv100>, as user <msaca> in cluster <dcc> at Mon Jan 13 23:12:38 2025
</zhome/71/c/146676> was used as the home directory.
</zhome/71/c/146676/main> was used as the working directory.
Started at Mon Jan 13 23:12:38 2025
Terminated at Mon Jan 13 23:27:18 2025
Results reported at Mon Jan 13 23:27:18 2025

Your job looked like:

------------------------------------------------------------
# LSBATCH: User input
#!/bin/bash
# embedded options to bsub - start with #BSUB
# -- name ---
#BSUB -J Recon
# -- choose queue --
# For gpu write gpuv100
#BSUB -q gpuv100
#BSUB -gpu "num=1"
#BSUB -e my_job_error1.log
#BSUB -o my_job_output1.log
#BSUB -M 16000
#BSUB -R "rusage[mem=16000]"
# -- estimated wall clock time (execution time): hh:mm -- 
#BSUB -W 24:00 
# -- Number of cores requested -- 
#BSUB -n 4
# -- Specify the distribution of the cores: on a separate nodes --
#BSUB -R "span[hosts=1]"
# Array job: N tasks, one per folder
#BSUB -J folder_job[1-100]
# -- end of LSF options -- 

source /zhome/71/c/146676/miniconda3/bin/activate && conda activate cil5


THRESHOLD="0.5"
SIZE="7"
DECNUM="5"
WNAME="10"
SIGMA="0.3"
ALPHA="100.0"
NUM_PROC="100"

# Export variables to make them available to the Python script
export THRESHOLD
export SIZE
export DECNUM
export WNAME
export SIGMA
export ALPHA
export BETA
export DELTA
export NUM_PROC

# python -c "from reconstructor_NA import recon_FBP_single; recon_FBP_single($LSB_JOBINDEX)"
# python -c "from reconstructor_NA import recon_FBP_multi; recon_FBP_multi($LSB_JOBINDEX)"
# python -c "from reconstructor_NA import recon_TV_single; recon_TV_single($LSB_JOBINDEX)"
python -c "from reconstructor_NA import recon_TV_multi; recon_TV_multi($LSB_JOBINDEX)"


------------------------------------------------------------

Successfully completed.

Resource usage summary:

    CPU time :                                   934.00 sec.
    Max Memory :                                 2038 MB
    Average Memory :                             1726.33 MB
    Total Requested Memory :                     64000.00 MB
    Delta Memory :                               61962.00 MB
    Max Swap :                                   -
    Max Processes :                              4
    Max Threads :                                21
    Run time :                                   880 sec.
    Turnaround time :                            12348 sec.

The output (if any) is above this job summary.



PS:

Read file <my_job_error1.log> for stderr output of this job.

                                                                                         Initiating batch TV reconstruction from saved sinograms
Data loading time: 14.47 seconds
Reconstruction time: 854.86 seconds
Writing time: 10.38 seconds

------------------------------------------------------------
Sender: LSF System <lsfadmin@hpc.dtu.dk>
Subject: Job 23674221[56]: <folder_job[1-100]> in cluster <dcc> Done

Job <folder_job[1-100]> was submitted from host <gbarlogin1> by user <msaca> in cluster <dcc> at Mon Jan 13 20:01:30 2025
Job was executed on host(s) <4*n-62-20-3>, in queue <gpuv100>, as user <msaca> in cluster <dcc> at Mon Jan 13 23:13:12 2025
</zhome/71/c/146676> was used as the home directory.
</zhome/71/c/146676/main> was used as the working directory.
Started at Mon Jan 13 23:13:12 2025
Terminated at Mon Jan 13 23:27:55 2025
Results reported at Mon Jan 13 23:27:55 2025

Your job looked like:

------------------------------------------------------------
# LSBATCH: User input
#!/bin/bash
# embedded options to bsub - start with #BSUB
# -- name ---
#BSUB -J Recon
# -- choose queue --
# For gpu write gpuv100
#BSUB -q gpuv100
#BSUB -gpu "num=1"
#BSUB -e my_job_error1.log
#BSUB -o my_job_output1.log
#BSUB -M 16000
#BSUB -R "rusage[mem=16000]"
# -- estimated wall clock time (execution time): hh:mm -- 
#BSUB -W 24:00 
# -- Number of cores requested -- 
#BSUB -n 4
# -- Specify the distribution of the cores: on a separate nodes --
#BSUB -R "span[hosts=1]"
# Array job: N tasks, one per folder
#BSUB -J folder_job[1-100]
# -- end of LSF options -- 

source /zhome/71/c/146676/miniconda3/bin/activate && conda activate cil5


THRESHOLD="0.5"
SIZE="7"
DECNUM="5"
WNAME="10"
SIGMA="0.3"
ALPHA="100.0"
NUM_PROC="100"

# Export variables to make them available to the Python script
export THRESHOLD
export SIZE
export DECNUM
export WNAME
export SIGMA
export ALPHA
export BETA
export DELTA
export NUM_PROC

# python -c "from reconstructor_NA import recon_FBP_single; recon_FBP_single($LSB_JOBINDEX)"
# python -c "from reconstructor_NA import recon_FBP_multi; recon_FBP_multi($LSB_JOBINDEX)"
# python -c "from reconstructor_NA import recon_TV_single; recon_TV_single($LSB_JOBINDEX)"
python -c "from reconstructor_NA import recon_TV_multi; recon_TV_multi($LSB_JOBINDEX)"


------------------------------------------------------------

Successfully completed.

Resource usage summary:

    CPU time :                                   936.00 sec.
    Max Memory :                                 1932 MB
    Average Memory :                             1692.89 MB
    Total Requested Memory :                     64000.00 MB
    Delta Memory :                               62068.00 MB
    Max Swap :                                   -
    Max Processes :                              4
    Max Threads :                                21
    Run time :                                   884 sec.
    Turnaround time :                            12385 sec.

The output (if any) is above this job summary.



PS:

Read file <my_job_error1.log> for stderr output of this job.

Initiating batch TV reconstruction from saved sinograms
Data loading time: 13.22 seconds
Reconstruction time: 851.47 seconds
Writing time: 10.68 seconds

------------------------------------------------------------
Sender: LSF System <lsfadmin@hpc.dtu.dk>
Subject: Job 23674221[57]: <folder_job[1-100]> in cluster <dcc> Done

Job <folder_job[1-100]> was submitted from host <gbarlogin1> by user <msaca> in cluster <dcc> at Mon Jan 13 20:01:30 2025
Job was executed on host(s) <4*n-62-20-5>, in queue <gpuv100>, as user <msaca> in cluster <dcc> at Mon Jan 13 23:26:37 2025
</zhome/71/c/146676> was used as the home directory.
</zhome/71/c/146676/main> was used as the working directory.
Started at Mon Jan 13 23:26:37 2025
Terminated at Mon Jan 13 23:41:18 2025
Results reported at Mon Jan 13 23:41:18 2025

Your job looked like:

------------------------------------------------------------
# LSBATCH: User input
#!/bin/bash
# embedded options to bsub - start with #BSUB
# -- name ---
#BSUB -J Recon
# -- choose queue --
# For gpu write gpuv100
#BSUB -q gpuv100
#BSUB -gpu "num=1"
#BSUB -e my_job_error1.log
#BSUB -o my_job_output1.log
#BSUB -M 16000
#BSUB -R "rusage[mem=16000]"
# -- estimated wall clock time (execution time): hh:mm -- 
#BSUB -W 24:00 
# -- Number of cores requested -- 
#BSUB -n 4
# -- Specify the distribution of the cores: on a separate nodes --
#BSUB -R "span[hosts=1]"
# Array job: N tasks, one per folder
#BSUB -J folder_job[1-100]
# -- end of LSF options -- 

source /zhome/71/c/146676/miniconda3/bin/activate && conda activate cil5


THRESHOLD="0.5"
SIZE="7"
DECNUM="5"
WNAME="10"
SIGMA="0.3"
ALPHA="100.0"
NUM_PROC="100"

# Export variables to make them available to the Python script
export THRESHOLD
export SIZE
export DECNUM
export WNAME
export SIGMA
export ALPHA
export BETA
export DELTA
export NUM_PROC

# python -c "from reconstructor_NA import recon_FBP_single; recon_FBP_single($LSB_JOBINDEX)"
# python -c "from reconstructor_NA import recon_FBP_multi; recon_FBP_multi($LSB_JOBINDEX)"
# python -c "from reconstructor_NA import recon_TV_single; recon_TV_single($LSB_JOBINDEX)"
python -c "from reconstructor_NA import recon_TV_multi; recon_TV_multi($LSB_JOBINDEX)"


------------------------------------------------------------

Successfully completed.

Resource usage summary:

    CPU time :                                   932.00 sec.
    Max Memory :                                 2042 MB
    Average Memory :                             1682.33 MB
    Total Requested Memory :                     64000.00 MB
    Delta Memory :                               61958.00 MB
    Max Swap :                                   -
    Max Processes :                              4
    Max Threads :                                21
    Run time :                                   881 sec.
    Turnaround time :                            13188 sec.

The output (if any) is above this job summary.



PS:

Read file <my_job_error1.log> for stderr output of this job.

Reconstruction time: 850.80 seconds
Writing time: 10.85 seconds

------------------------------------------------------------
Sender: LSF System <lsfadmin@hpc.dtu.dk>
Subject: Job 23674221[58]: <folder_job[1-100]> in cluster <dcc> Done

Job <folder_job[1-100]> was submitted from host <gbarlogin1> by user <msaca> in cluster <dcc> at Mon Jan 13 20:01:30 2025
Job was executed on host(s) <4*n-62-20-2>, in queue <gpuv100>, as user <msaca> in cluster <dcc> at Mon Jan 13 23:26:46 2025
</zhome/71/c/146676> was used as the home directory.
</zhome/71/c/146676/main> was used as the working directory.
Started at Mon Jan 13 23:26:46 2025
Terminated at Mon Jan 13 23:41:27 2025
Results reported at Mon Jan 13 23:41:27 2025

Your job looked like:

------------------------------------------------------------
# LSBATCH: User input
#!/bin/bash
# embedded options to bsub - start with #BSUB
# -- name ---
#BSUB -J Recon
# -- choose queue --
# For gpu write gpuv100
#BSUB -q gpuv100
#BSUB -gpu "num=1"
#BSUB -e my_job_error1.log
#BSUB -o my_job_output1.log
#BSUB -M 16000
#BSUB -R "rusage[mem=16000]"
# -- estimated wall clock time (execution time): hh:mm -- 
#BSUB -W 24:00 
# -- Number of cores requested -- 
#BSUB -n 4
# -- Specify the distribution of the cores: on a separate nodes --
#BSUB -R "span[hosts=1]"
# Array job: N tasks, one per folder
#BSUB -J folder_job[1-100]
# -- end of LSF options -- 

source /zhome/71/c/146676/miniconda3/bin/activate && conda activate cil5


THRESHOLD="0.5"
SIZE="7"
DECNUM="5"
WNAME="10"
SIGMA="0.3"
ALPHA="100.0"
NUM_PROC="100"

# Export variables to make them available to the Python script
export THRESHOLD
export SIZE
export DECNUM
export WNAME
export SIGMA
export ALPHA
export BETA
export DELTA
export NUM_PROC

# python -c "from reconstructor_NA import recon_FBP_single; recon_FBP_single($LSB_JOBINDEX)"
# python -c "from reconstructor_NA import recon_FBP_multi; recon_FBP_multi($LSB_JOBINDEX)"
# python -c "from reconstructor_NA import recon_TV_single; recon_TV_single($LSB_JOBINDEX)"
python -c "from reconstructor_NA import recon_TV_multi; recon_TV_multi($LSB_JOBINDEX)"


------------------------------------------------------------

Successfully completed.

Resource usage summary:

    CPU time :                                   931.00 sec.
    Max Memory :                                 2036 MB
    Average Memory :                             1721.89 MB
    Total Requested Memory :                     64000.00 MB
    Delta Memory :                               61964.00 MB
    Max Swap :                                   -
    Max Processes :                              4
    Max Threads :                                21
    Run time :                                   882 sec.
    Turnaround time :                            13197 sec.

The output (if any) is above this job summary.



PS:

Read file <my_job_error1.log> for stderr output of this job.

Reconstruction time: 795.10 seconds
Writing time: 10.48 seconds

------------------------------------------------------------
Sender: LSF System <lsfadmin@hpc.dtu.dk>
Subject: Job 23674221[60]: <folder_job[1-100]> in cluster <dcc> Done

Job <folder_job[1-100]> was submitted from host <gbarlogin1> by user <msaca> in cluster <dcc> at Mon Jan 13 20:01:30 2025
Job was executed on host(s) <4*n-62-20-3>, in queue <gpuv100>, as user <msaca> in cluster <dcc> at Mon Jan 13 23:27:56 2025
</zhome/71/c/146676> was used as the home directory.
</zhome/71/c/146676/main> was used as the working directory.
Started at Mon Jan 13 23:27:56 2025
Terminated at Mon Jan 13 23:41:40 2025
Results reported at Mon Jan 13 23:41:40 2025

Your job looked like:

------------------------------------------------------------
# LSBATCH: User input
#!/bin/bash
# embedded options to bsub - start with #BSUB
# -- name ---
#BSUB -J Recon
# -- choose queue --
# For gpu write gpuv100
#BSUB -q gpuv100
#BSUB -gpu "num=1"
#BSUB -e my_job_error1.log
#BSUB -o my_job_output1.log
#BSUB -M 16000
#BSUB -R "rusage[mem=16000]"
# -- estimated wall clock time (execution time): hh:mm -- 
#BSUB -W 24:00 
# -- Number of cores requested -- 
#BSUB -n 4
# -- Specify the distribution of the cores: on a separate nodes --
#BSUB -R "span[hosts=1]"
# Array job: N tasks, one per folder
#BSUB -J folder_job[1-100]
# -- end of LSF options -- 

source /zhome/71/c/146676/miniconda3/bin/activate && conda activate cil5


THRESHOLD="0.5"
SIZE="7"
DECNUM="5"
WNAME="10"
SIGMA="0.3"
ALPHA="100.0"
NUM_PROC="100"

# Export variables to make them available to the Python script
export THRESHOLD
export SIZE
export DECNUM
export WNAME
export SIGMA
export ALPHA
export BETA
export DELTA
export NUM_PROC

# python -c "from reconstructor_NA import recon_FBP_single; recon_FBP_single($LSB_JOBINDEX)"
# python -c "from reconstructor_NA import recon_FBP_multi; recon_FBP_multi($LSB_JOBINDEX)"
# python -c "from reconstructor_NA import recon_TV_single; recon_TV_single($LSB_JOBINDEX)"
python -c "from reconstructor_NA import recon_TV_multi; recon_TV_multi($LSB_JOBINDEX)"


------------------------------------------------------------

Successfully completed.

Resource usage summary:

    CPU time :                                   872.00 sec.
    Max Memory :                                 1935 MB
    Average Memory :                             1541.50 MB
    Total Requested Memory :                     64000.00 MB
    Delta Memory :                               62065.00 MB
    Max Swap :                                   -
    Max Processes :                              4
    Max Threads :                                21
    Run time :                                   825 sec.
    Turnaround time :                            13210 sec.

The output (if any) is above this job summary.



PS:

Read file <my_job_error1.log> for stderr output of this job.

                                                                                         Reconstruction time: 854.31 seconds
Writing time: 10.70 seconds

------------------------------------------------------------
Sender: LSF System <lsfadmin@hpc.dtu.dk>
Subject: Job 23674221[59]: <folder_job[1-100]> in cluster <dcc> Done

Job <folder_job[1-100]> was submitted from host <gbarlogin1> by user <msaca> in cluster <dcc> at Mon Jan 13 20:01:30 2025
Job was executed on host(s) <4*n-62-20-3>, in queue <gpuv100>, as user <msaca> in cluster <dcc> at Mon Jan 13 23:27:19 2025
</zhome/71/c/146676> was used as the home directory.
</zhome/71/c/146676/main> was used as the working directory.
Started at Mon Jan 13 23:27:19 2025
Terminated at Mon Jan 13 23:42:04 2025
Results reported at Mon Jan 13 23:42:04 2025

Your job looked like:

------------------------------------------------------------
# LSBATCH: User input
#!/bin/bash
# embedded options to bsub - start with #BSUB
# -- name ---
#BSUB -J Recon
# -- choose queue --
# For gpu write gpuv100
#BSUB -q gpuv100
#BSUB -gpu "num=1"
#BSUB -e my_job_error1.log
#BSUB -o my_job_output1.log
#BSUB -M 16000
#BSUB -R "rusage[mem=16000]"
# -- estimated wall clock time (execution time): hh:mm -- 
#BSUB -W 24:00 
# -- Number of cores requested -- 
#BSUB -n 4
# -- Specify the distribution of the cores: on a separate nodes --
#BSUB -R "span[hosts=1]"
# Array job: N tasks, one per folder
#BSUB -J folder_job[1-100]
# -- end of LSF options -- 

source /zhome/71/c/146676/miniconda3/bin/activate && conda activate cil5


THRESHOLD="0.5"
SIZE="7"
DECNUM="5"
WNAME="10"
SIGMA="0.3"
ALPHA="100.0"
NUM_PROC="100"

# Export variables to make them available to the Python script
export THRESHOLD
export SIZE
export DECNUM
export WNAME
export SIGMA
export ALPHA
export BETA
export DELTA
export NUM_PROC

# python -c "from reconstructor_NA import recon_FBP_single; recon_FBP_single($LSB_JOBINDEX)"
# python -c "from reconstructor_NA import recon_FBP_multi; recon_FBP_multi($LSB_JOBINDEX)"
# python -c "from reconstructor_NA import recon_TV_single; recon_TV_single($LSB_JOBINDEX)"
python -c "from reconstructor_NA import recon_TV_multi; recon_TV_multi($LSB_JOBINDEX)"


------------------------------------------------------------

Successfully completed.

Resource usage summary:

    CPU time :                                   936.00 sec.
    Max Memory :                                 2042 MB
    Average Memory :                             1660.12 MB
    Total Requested Memory :                     64000.00 MB
    Delta Memory :                               61958.00 MB
    Max Swap :                                   -
    Max Processes :                              4
    Max Threads :                                21
    Run time :                                   886 sec.
    Turnaround time :                            13234 sec.

The output (if any) is above this job summary.



PS:

Read file <my_job_error1.log> for stderr output of this job.

Initiating batch TV reconstruction from saved sinograms
Data loading time: 14.73 seconds
Initiating batch TV reconstruction from saved sinograms
Data loading time: 11.73 seconds
Reconstruction time: 790.20 seconds
Writing time: 9.65 seconds

------------------------------------------------------------
Sender: LSF System <lsfadmin@hpc.dtu.dk>
Subject: Job 23674221[61]: <folder_job[1-100]> in cluster <dcc> Done

Job <folder_job[1-100]> was submitted from host <gbarlogin1> by user <msaca> in cluster <dcc> at Mon Jan 13 20:01:30 2025
Job was executed on host(s) <4*n-62-20-5>, in queue <gpuv100>, as user <msaca> in cluster <dcc> at Mon Jan 13 23:41:18 2025
</zhome/71/c/146676> was used as the home directory.
</zhome/71/c/146676/main> was used as the working directory.
Started at Mon Jan 13 23:41:18 2025
Terminated at Mon Jan 13 23:54:57 2025
Results reported at Mon Jan 13 23:54:57 2025

Your job looked like:

------------------------------------------------------------
# LSBATCH: User input
#!/bin/bash
# embedded options to bsub - start with #BSUB
# -- name ---
#BSUB -J Recon
# -- choose queue --
# For gpu write gpuv100
#BSUB -q gpuv100
#BSUB -gpu "num=1"
#BSUB -e my_job_error1.log
#BSUB -o my_job_output1.log
#BSUB -M 16000
#BSUB -R "rusage[mem=16000]"
# -- estimated wall clock time (execution time): hh:mm -- 
#BSUB -W 24:00 
# -- Number of cores requested -- 
#BSUB -n 4
# -- Specify the distribution of the cores: on a separate nodes --
#BSUB -R "span[hosts=1]"
# Array job: N tasks, one per folder
#BSUB -J folder_job[1-100]
# -- end of LSF options -- 

source /zhome/71/c/146676/miniconda3/bin/activate && conda activate cil5


THRESHOLD="0.5"
SIZE="7"
DECNUM="5"
WNAME="10"
SIGMA="0.3"
ALPHA="100.0"
NUM_PROC="100"

# Export variables to make them available to the Python script
export THRESHOLD
export SIZE
export DECNUM
export WNAME
export SIGMA
export ALPHA
export BETA
export DELTA
export NUM_PROC

# python -c "from reconstructor_NA import recon_FBP_single; recon_FBP_single($LSB_JOBINDEX)"
# python -c "from reconstructor_NA import recon_FBP_multi; recon_FBP_multi($LSB_JOBINDEX)"
# python -c "from reconstructor_NA import recon_TV_single; recon_TV_single($LSB_JOBINDEX)"
python -c "from reconstructor_NA import recon_TV_multi; recon_TV_multi($LSB_JOBINDEX)"


------------------------------------------------------------

Successfully completed.

Resource usage summary:

    CPU time :                                   866.00 sec.
    Max Memory :                                 1839 MB
    Average Memory :                             1576.00 MB
    Total Requested Memory :                     64000.00 MB
    Delta Memory :                               62161.00 MB
    Max Swap :                                   -
    Max Processes :                              4
    Max Threads :                                21
    Run time :                                   819 sec.
    Turnaround time :                            14007 sec.

The output (if any) is above this job summary.



PS:

Read file <my_job_error1.log> for stderr output of this job.

Reconstruction time: 791.03 seconds
Writing time: 9.29 seconds

------------------------------------------------------------
Sender: LSF System <lsfadmin@hpc.dtu.dk>
Subject: Job 23674221[62]: <folder_job[1-100]> in cluster <dcc> Done

Job <folder_job[1-100]> was submitted from host <gbarlogin1> by user <msaca> in cluster <dcc> at Mon Jan 13 20:01:30 2025
Job was executed on host(s) <4*n-62-20-2>, in queue <gpuv100>, as user <msaca> in cluster <dcc> at Mon Jan 13 23:41:27 2025
</zhome/71/c/146676> was used as the home directory.
</zhome/71/c/146676/main> was used as the working directory.
Started at Mon Jan 13 23:41:27 2025
Terminated at Mon Jan 13 23:55:09 2025
Results reported at Mon Jan 13 23:55:09 2025

Your job looked like:

------------------------------------------------------------
# LSBATCH: User input
#!/bin/bash
# embedded options to bsub - start with #BSUB
# -- name ---
#BSUB -J Recon
# -- choose queue --
# For gpu write gpuv100
#BSUB -q gpuv100
#BSUB -gpu "num=1"
#BSUB -e my_job_error1.log
#BSUB -o my_job_output1.log
#BSUB -M 16000
#BSUB -R "rusage[mem=16000]"
# -- estimated wall clock time (execution time): hh:mm -- 
#BSUB -W 24:00 
# -- Number of cores requested -- 
#BSUB -n 4
# -- Specify the distribution of the cores: on a separate nodes --
#BSUB -R "span[hosts=1]"
# Array job: N tasks, one per folder
#BSUB -J folder_job[1-100]
# -- end of LSF options -- 

source /zhome/71/c/146676/miniconda3/bin/activate && conda activate cil5


THRESHOLD="0.5"
SIZE="7"
DECNUM="5"
WNAME="10"
SIGMA="0.3"
ALPHA="100.0"
NUM_PROC="100"

# Export variables to make them available to the Python script
export THRESHOLD
export SIZE
export DECNUM
export WNAME
export SIGMA
export ALPHA
export BETA
export DELTA
export NUM_PROC

# python -c "from reconstructor_NA import recon_FBP_single; recon_FBP_single($LSB_JOBINDEX)"
# python -c "from reconstructor_NA import recon_FBP_multi; recon_FBP_multi($LSB_JOBINDEX)"
# python -c "from reconstructor_NA import recon_TV_single; recon_TV_single($LSB_JOBINDEX)"
python -c "from reconstructor_NA import recon_TV_multi; recon_TV_multi($LSB_JOBINDEX)"


------------------------------------------------------------

Successfully completed.

Resource usage summary:

    CPU time :                                   868.00 sec.
    Max Memory :                                 1935 MB
    Average Memory :                             1626.00 MB
    Total Requested Memory :                     64000.00 MB
    Delta Memory :                               62065.00 MB
    Max Swap :                                   -
    Max Processes :                              4
    Max Threads :                                21
    Run time :                                   822 sec.
    Turnaround time :                            14019 sec.

The output (if any) is above this job summary.



PS:

Read file <my_job_error1.log> for stderr output of this job.

Reconstruction time: 795.15 seconds
Writing time: 9.30 seconds

------------------------------------------------------------
Sender: LSF System <lsfadmin@hpc.dtu.dk>
Subject: Job 23674221[63]: <folder_job[1-100]> in cluster <dcc> Done

Job <folder_job[1-100]> was submitted from host <gbarlogin1> by user <msaca> in cluster <dcc> at Mon Jan 13 20:01:30 2025
Job was executed on host(s) <4*n-62-20-3>, in queue <gpuv100>, as user <msaca> in cluster <dcc> at Mon Jan 13 23:41:41 2025
</zhome/71/c/146676> was used as the home directory.
</zhome/71/c/146676/main> was used as the working directory.
Started at Mon Jan 13 23:41:41 2025
Terminated at Mon Jan 13 23:55:26 2025
Results reported at Mon Jan 13 23:55:26 2025

Your job looked like:

------------------------------------------------------------
# LSBATCH: User input
#!/bin/bash
# embedded options to bsub - start with #BSUB
# -- name ---
#BSUB -J Recon
# -- choose queue --
# For gpu write gpuv100
#BSUB -q gpuv100
#BSUB -gpu "num=1"
#BSUB -e my_job_error1.log
#BSUB -o my_job_output1.log
#BSUB -M 16000
#BSUB -R "rusage[mem=16000]"
# -- estimated wall clock time (execution time): hh:mm -- 
#BSUB -W 24:00 
# -- Number of cores requested -- 
#BSUB -n 4
# -- Specify the distribution of the cores: on a separate nodes --
#BSUB -R "span[hosts=1]"
# Array job: N tasks, one per folder
#BSUB -J folder_job[1-100]
# -- end of LSF options -- 

source /zhome/71/c/146676/miniconda3/bin/activate && conda activate cil5


THRESHOLD="0.5"
SIZE="7"
DECNUM="5"
WNAME="10"
SIGMA="0.3"
ALPHA="100.0"
NUM_PROC="100"

# Export variables to make them available to the Python script
export THRESHOLD
export SIZE
export DECNUM
export WNAME
export SIGMA
export ALPHA
export BETA
export DELTA
export NUM_PROC

# python -c "from reconstructor_NA import recon_FBP_single; recon_FBP_single($LSB_JOBINDEX)"
# python -c "from reconstructor_NA import recon_FBP_multi; recon_FBP_multi($LSB_JOBINDEX)"
# python -c "from reconstructor_NA import recon_TV_single; recon_TV_single($LSB_JOBINDEX)"
python -c "from reconstructor_NA import recon_TV_multi; recon_TV_multi($LSB_JOBINDEX)"


------------------------------------------------------------

Successfully completed.

Resource usage summary:

    CPU time :                                   872.00 sec.
    Max Memory :                                 2172 MB
    Average Memory :                             1626.25 MB
    Total Requested Memory :                     64000.00 MB
    Delta Memory :                               61828.00 MB
    Max Swap :                                   -
    Max Processes :                              4
    Max Threads :                                21
    Run time :                                   825 sec.
    Turnaround time :                            14036 sec.

The output (if any) is above this job summary.



PS:

Read file <my_job_error1.log> for stderr output of this job.

                                                                                         Reconstruction time: 792.06 seconds
Writing time: 9.12 seconds

------------------------------------------------------------
Sender: LSF System <lsfadmin@hpc.dtu.dk>
Subject: Job 23674221[64]: <folder_job[1-100]> in cluster <dcc> Done

Job <folder_job[1-100]> was submitted from host <gbarlogin1> by user <msaca> in cluster <dcc> at Mon Jan 13 20:01:30 2025
Job was executed on host(s) <4*n-62-20-3>, in queue <gpuv100>, as user <msaca> in cluster <dcc> at Mon Jan 13 23:42:04 2025
</zhome/71/c/146676> was used as the home directory.
</zhome/71/c/146676/main> was used as the working directory.
Started at Mon Jan 13 23:42:04 2025
Terminated at Mon Jan 13 23:55:42 2025
Results reported at Mon Jan 13 23:55:42 2025

Your job looked like:

------------------------------------------------------------
# LSBATCH: User input
#!/bin/bash
# embedded options to bsub - start with #BSUB
# -- name ---
#BSUB -J Recon
# -- choose queue --
# For gpu write gpuv100
#BSUB -q gpuv100
#BSUB -gpu "num=1"
#BSUB -e my_job_error1.log
#BSUB -o my_job_output1.log
#BSUB -M 16000
#BSUB -R "rusage[mem=16000]"
# -- estimated wall clock time (execution time): hh:mm -- 
#BSUB -W 24:00 
# -- Number of cores requested -- 
#BSUB -n 4
# -- Specify the distribution of the cores: on a separate nodes --
#BSUB -R "span[hosts=1]"
# Array job: N tasks, one per folder
#BSUB -J folder_job[1-100]
# -- end of LSF options -- 

source /zhome/71/c/146676/miniconda3/bin/activate && conda activate cil5


THRESHOLD="0.5"
SIZE="7"
DECNUM="5"
WNAME="10"
SIGMA="0.3"
ALPHA="100.0"
NUM_PROC="100"

# Export variables to make them available to the Python script
export THRESHOLD
export SIZE
export DECNUM
export WNAME
export SIGMA
export ALPHA
export BETA
export DELTA
export NUM_PROC

# python -c "from reconstructor_NA import recon_FBP_single; recon_FBP_single($LSB_JOBINDEX)"
# python -c "from reconstructor_NA import recon_FBP_multi; recon_FBP_multi($LSB_JOBINDEX)"
# python -c "from reconstructor_NA import recon_TV_single; recon_TV_single($LSB_JOBINDEX)"
python -c "from reconstructor_NA import recon_TV_multi; recon_TV_multi($LSB_JOBINDEX)"


------------------------------------------------------------

Successfully completed.

Resource usage summary:

    CPU time :                                   869.00 sec.
    Max Memory :                                 1935 MB
    Average Memory :                             1641.78 MB
    Total Requested Memory :                     64000.00 MB
    Delta Memory :                               62065.00 MB
    Max Swap :                                   -
    Max Processes :                              4
    Max Threads :                                21
    Run time :                                   818 sec.
    Turnaround time :                            14052 sec.

The output (if any) is above this job summary.



PS:

Read file <my_job_error1.log> for stderr output of this job.

Initiating batch TV reconstruction from saved sinograms
Data loading time: 10.56 seconds
Initiating batch TV reconstruction from saved sinograms
Data loading time: 13.43 seconds
Reconstruction time: 790.29 seconds
Writing time: 10.14 seconds

------------------------------------------------------------
Sender: LSF System <lsfadmin@hpc.dtu.dk>
Subject: Job 23674221[65]: <folder_job[1-100]> in cluster <dcc> Done

Job <folder_job[1-100]> was submitted from host <gbarlogin1> by user <msaca> in cluster <dcc> at Mon Jan 13 20:01:30 2025
Job was executed on host(s) <4*n-62-20-5>, in queue <gpuv100>, as user <msaca> in cluster <dcc> at Mon Jan 13 23:54:59 2025
</zhome/71/c/146676> was used as the home directory.
</zhome/71/c/146676/main> was used as the working directory.
Started at Mon Jan 13 23:54:59 2025
Terminated at Tue Jan 14 00:08:37 2025
Results reported at Tue Jan 14 00:08:37 2025

Your job looked like:

------------------------------------------------------------
# LSBATCH: User input
#!/bin/bash
# embedded options to bsub - start with #BSUB
# -- name ---
#BSUB -J Recon
# -- choose queue --
# For gpu write gpuv100
#BSUB -q gpuv100
#BSUB -gpu "num=1"
#BSUB -e my_job_error1.log
#BSUB -o my_job_output1.log
#BSUB -M 16000
#BSUB -R "rusage[mem=16000]"
# -- estimated wall clock time (execution time): hh:mm -- 
#BSUB -W 24:00 
# -- Number of cores requested -- 
#BSUB -n 4
# -- Specify the distribution of the cores: on a separate nodes --
#BSUB -R "span[hosts=1]"
# Array job: N tasks, one per folder
#BSUB -J folder_job[1-100]
# -- end of LSF options -- 

source /zhome/71/c/146676/miniconda3/bin/activate && conda activate cil5


THRESHOLD="0.5"
SIZE="7"
DECNUM="5"
WNAME="10"
SIGMA="0.3"
ALPHA="100.0"
NUM_PROC="100"

# Export variables to make them available to the Python script
export THRESHOLD
export SIZE
export DECNUM
export WNAME
export SIGMA
export ALPHA
export BETA
export DELTA
export NUM_PROC

# python -c "from reconstructor_NA import recon_FBP_single; recon_FBP_single($LSB_JOBINDEX)"
# python -c "from reconstructor_NA import recon_FBP_multi; recon_FBP_multi($LSB_JOBINDEX)"
# python -c "from reconstructor_NA import recon_TV_single; recon_TV_single($LSB_JOBINDEX)"
python -c "from reconstructor_NA import recon_TV_multi; recon_TV_multi($LSB_JOBINDEX)"


------------------------------------------------------------

Successfully completed.

Resource usage summary:

    CPU time :                                   866.00 sec.
    Max Memory :                                 1939 MB
    Average Memory :                             1601.50 MB
    Total Requested Memory :                     64000.00 MB
    Delta Memory :                               62061.00 MB
    Max Swap :                                   -
    Max Processes :                              4
    Max Threads :                                21
    Run time :                                   820 sec.
    Turnaround time :                            14827 sec.

The output (if any) is above this job summary.



PS:

Read file <my_job_error1.log> for stderr output of this job.

Reconstruction time: 791.04 seconds
Writing time: 9.09 seconds

------------------------------------------------------------
Sender: LSF System <lsfadmin@hpc.dtu.dk>
Subject: Job 23674221[66]: <folder_job[1-100]> in cluster <dcc> Done

Job <folder_job[1-100]> was submitted from host <gbarlogin1> by user <msaca> in cluster <dcc> at Mon Jan 13 20:01:30 2025
Job was executed on host(s) <4*n-62-20-2>, in queue <gpuv100>, as user <msaca> in cluster <dcc> at Mon Jan 13 23:55:11 2025
</zhome/71/c/146676> was used as the home directory.
</zhome/71/c/146676/main> was used as the working directory.
Started at Mon Jan 13 23:55:11 2025
Terminated at Tue Jan 14 00:08:48 2025
Results reported at Tue Jan 14 00:08:48 2025

Your job looked like:

------------------------------------------------------------
# LSBATCH: User input
#!/bin/bash
# embedded options to bsub - start with #BSUB
# -- name ---
#BSUB -J Recon
# -- choose queue --
# For gpu write gpuv100
#BSUB -q gpuv100
#BSUB -gpu "num=1"
#BSUB -e my_job_error1.log
#BSUB -o my_job_output1.log
#BSUB -M 16000
#BSUB -R "rusage[mem=16000]"
# -- estimated wall clock time (execution time): hh:mm -- 
#BSUB -W 24:00 
# -- Number of cores requested -- 
#BSUB -n 4
# -- Specify the distribution of the cores: on a separate nodes --
#BSUB -R "span[hosts=1]"
# Array job: N tasks, one per folder
#BSUB -J folder_job[1-100]
# -- end of LSF options -- 

source /zhome/71/c/146676/miniconda3/bin/activate && conda activate cil5


THRESHOLD="0.5"
SIZE="7"
DECNUM="5"
WNAME="10"
SIGMA="0.3"
ALPHA="100.0"
NUM_PROC="100"

# Export variables to make them available to the Python script
export THRESHOLD
export SIZE
export DECNUM
export WNAME
export SIGMA
export ALPHA
export BETA
export DELTA
export NUM_PROC

# python -c "from reconstructor_NA import recon_FBP_single; recon_FBP_single($LSB_JOBINDEX)"
# python -c "from reconstructor_NA import recon_FBP_multi; recon_FBP_multi($LSB_JOBINDEX)"
# python -c "from reconstructor_NA import recon_TV_single; recon_TV_single($LSB_JOBINDEX)"
python -c "from reconstructor_NA import recon_TV_multi; recon_TV_multi($LSB_JOBINDEX)"


------------------------------------------------------------

Successfully completed.

Resource usage summary:

    CPU time :                                   867.00 sec.
    Max Memory :                                 1793 MB
    Average Memory :                             1602.75 MB
    Total Requested Memory :                     64000.00 MB
    Delta Memory :                               62207.00 MB
    Max Swap :                                   -
    Max Processes :                              4
    Max Threads :                                21
    Run time :                                   819 sec.
    Turnaround time :                            14838 sec.

The output (if any) is above this job summary.



PS:

Read file <my_job_error1.log> for stderr output of this job.

                                                                                                                                                                                                                                                                                                                                                                                                                                                                                                                                                                                                                                                                                                                                                                                                                                                                                                                                                                                                                                                                                                                                                                                                                                                                                                                                                                                                                                                                                                                                                                                                                                                                                                                                                                                                                                                                                                                                                                                                                                                                                                                                                                                                                                                                                                                                                                                                                                                                                                                                                                                                                                                                                                                                                                                                                                                                                                                                                                                                                                                                                                                          Initiating batch TV reconstruction from saved sinograms
Data loading time: 13.24 seconds
-----------------------------------
Sender: LSF System <lsfadmin@hpc.dtu.dk>
Subject: Job 23674221[68]: <folder_job[1-100]> in cluster <dcc> Done

Job <folder_job[1-100]> was submitted from host <gbarlogin1> by user <msaca> in cluster <dcc> at Mon Jan 13 20:01:30 2025
Job was executed on host(s) <4*n-62-20-3>, in queue <gpuv100>, as user <msaca> in cluster <dcc> at Mon Jan 13 23:55:43 2025
</zhome/71/c/146676> was used as the home directory.
</zhome/71/c/146676/main> was used as the working directory.
Started at Mon Jan 13 23:55:43 2025
Terminated at Tue Jan 14 00:09:22 2025
Results reported at Tue Jan 14 00:09:22 2025

Your job looked like:

------------------------------------------------------------
# LSBATCH: User input
#!/bin/bash
# embedded options to bsub - start with #BSUB
# -- name ---
#BSUB -J Recon
# -- choose queue --
# For gpu write gpuv100
#BSUB -q gpuv100
#BSUB -gpu "num=1"
#BSUB -e my_job_error1.log
#BSUB -o my_job_output1.log
#BSUB -M 16000
#BSUB -R "rusage[mem=16000]"
# -- estimated wall clock time (execution time): hh:mm -- 
#BSUB -W 24:00 
# -- Number of cores requested -- 
#BSUB -n 4
# -- Specify the distribution of the cores: on a separate nodes --
#BSUB -R "span[hosts=1]"
# Array job: N tasks, one per folder
#BSUB -J folder_job[1-100]
# -- end of LSF options -- 

source /zhome/71/c/146676/miniconda3/bin/activate && conda activate cil5


THRESHOLD="0.5"
SIZE="7"
DECNUM="5"
WNAME="10"
SIGMA="0.3"
ALPHA="100.0"
NUM_PROC="100"

# Export variables to make them available to the Python script
export THRESHOLD
export SIZE
export DECNUM
export WNAME
export SIGMA
export ALPHA
export BETA
export DELTA
export NUM_PROC

# python -c "from reconstructor_NA import recon_FBP_single; recon_FBP_single($LSB_JOBINDEX)"
# python -c "from reconstructor_NA import recon_FBP_multi; recon_FBP_multi($LSB_JOBINDEX)"
# python -c "from reconstructor_NA import recon_TV_single; recon_TV_single($LSB_JOBINDEX)"
python -c "from reconstructor_NA import recon_TV_multi; recon_TV_multi($LSB_JOBINDEX)"


------------------------------------------------------------

Successfully completed.

Resource usage summary:

    CPU time :                                   869.00 sec.
    Max Memory :                                 1935 MB
    Average Memory :                             1636.50 MB
    Total Requested Memory :                     64000.00 MB
    Delta Memory :                               62065.00 MB
    Max Swap :                                   -
    Max Processes :                              4
    Max Threads :                                21
    Run time :                                   820 sec.
    Turnaround time :                            14872 sec.

The output (if any) is above this job summary.



PS:

Read file <my_job_error1.log> for stderr output of this job.

Initiating batch TV reconstruction from saved sinograms
Data loading time: 13.73 seconds
Initiating batch TV reconstruction from saved sinograms
Data loading time: 14.61 seconds
Reconstruction time: 790.98 seconds
Writing time: 8.82 seconds

------------------------------------------------------------
Sender: LSF System <lsfadmin@hpc.dtu.dk>
Subject: Job 23674221[69]: <folder_job[1-100]> in cluster <dcc> Done

Job <folder_job[1-100]> was submitted from host <gbarlogin1> by user <msaca> in cluster <dcc> at Mon Jan 13 20:01:30 2025
Job was executed on host(s) <4*n-62-20-5>, in queue <gpuv100>, as user <msaca> in cluster <dcc> at Tue Jan 14 00:08:38 2025
</zhome/71/c/146676> was used as the home directory.
</zhome/71/c/146676/main> was used as the working directory.
Started at Tue Jan 14 00:08:38 2025
Terminated at Tue Jan 14 00:22:16 2025
Results reported at Tue Jan 14 00:22:16 2025

Your job looked like:

------------------------------------------------------------
# LSBATCH: User input
#!/bin/bash
# embedded options to bsub - start with #BSUB
# -- name ---
#BSUB -J Recon
# -- choose queue --
# For gpu write gpuv100
#BSUB -q gpuv100
#BSUB -gpu "num=1"
#BSUB -e my_job_error1.log
#BSUB -o my_job_output1.log
#BSUB -M 16000
#BSUB -R "rusage[mem=16000]"
# -- estimated wall clock time (execution time): hh:mm -- 
#BSUB -W 24:00 
# -- Number of cores requested -- 
#BSUB -n 4
# -- Specify the distribution of the cores: on a separate nodes --
#BSUB -R "span[hosts=1]"
# Array job: N tasks, one per folder
#BSUB -J folder_job[1-100]
# -- end of LSF options -- 

source /zhome/71/c/146676/miniconda3/bin/activate && conda activate cil5


THRESHOLD="0.5"
SIZE="7"
DECNUM="5"
WNAME="10"
SIGMA="0.3"
ALPHA="100.0"
NUM_PROC="100"

# Export variables to make them available to the Python script
export THRESHOLD
export SIZE
export DECNUM
export WNAME
export SIGMA
export ALPHA
export BETA
export DELTA
export NUM_PROC

# python -c "from reconstructor_NA import recon_FBP_single; recon_FBP_single($LSB_JOBINDEX)"
# python -c "from reconstructor_NA import recon_FBP_multi; recon_FBP_multi($LSB_JOBINDEX)"
# python -c "from reconstructor_NA import recon_TV_single; recon_TV_single($LSB_JOBINDEX)"
python -c "from reconstructor_NA import recon_TV_multi; recon_TV_multi($LSB_JOBINDEX)"


------------------------------------------------------------

Successfully completed.

Resource usage summary:

    CPU time :                                   866.00 sec.
    Max Memory :                                 2172 MB
    Average Memory :                             1735.50 MB
    Total Requested Memory :                     64000.00 MB
    Delta Memory :                               61828.00 MB
    Max Swap :                                   -
    Max Processes :                              4
    Max Threads :                                21
    Run time :                                   819 sec.
    Turnaround time :                            15646 sec.

The output (if any) is above this job summary.



PS:

Read file <my_job_error1.log> for stderr output of this job.

Reconstruction time: 790.37 seconds
Writing time: 9.37 seconds

------------------------------------------------------------
Sender: LSF System <lsfadmin@hpc.dtu.dk>
Subject: Job 23674221[70]: <folder_job[1-100]> in cluster <dcc> Done

Job <folder_job[1-100]> was submitted from host <gbarlogin1> by user <msaca> in cluster <dcc> at Mon Jan 13 20:01:30 2025
Job was executed on host(s) <4*n-62-20-2>, in queue <gpuv100>, as user <msaca> in cluster <dcc> at Tue Jan 14 00:08:49 2025
</zhome/71/c/146676> was used as the home directory.
</zhome/71/c/146676/main> was used as the working directory.
Started at Tue Jan 14 00:08:49 2025
Terminated at Tue Jan 14 00:22:27 2025
Results reported at Tue Jan 14 00:22:27 2025

Your job looked like:

------------------------------------------------------------
# LSBATCH: User input
#!/bin/bash
# embedded options to bsub - start with #BSUB
# -- name ---
#BSUB -J Recon
# -- choose queue --
# For gpu write gpuv100
#BSUB -q gpuv100
#BSUB -gpu "num=1"
#BSUB -e my_job_error1.log
#BSUB -o my_job_output1.log
#BSUB -M 16000
#BSUB -R "rusage[mem=16000]"
# -- estimated wall clock time (execution time): hh:mm -- 
#BSUB -W 24:00 
# -- Number of cores requested -- 
#BSUB -n 4
# -- Specify the distribution of the cores: on a separate nodes --
#BSUB -R "span[hosts=1]"
# Array job: N tasks, one per folder
#BSUB -J folder_job[1-100]
# -- end of LSF options -- 

source /zhome/71/c/146676/miniconda3/bin/activate && conda activate cil5


THRESHOLD="0.5"
SIZE="7"
DECNUM="5"
WNAME="10"
SIGMA="0.3"
ALPHA="100.0"
NUM_PROC="100"

# Export variables to make them available to the Python script
export THRESHOLD
export SIZE
export DECNUM
export WNAME
export SIGMA
export ALPHA
export BETA
export DELTA
export NUM_PROC

# python -c "from reconstructor_NA import recon_FBP_single; recon_FBP_single($LSB_JOBINDEX)"
# python -c "from reconstructor_NA import recon_FBP_multi; recon_FBP_multi($LSB_JOBINDEX)"
# python -c "from reconstructor_NA import recon_TV_single; recon_TV_single($LSB_JOBINDEX)"
python -c "from reconstructor_NA import recon_TV_multi; recon_TV_multi($LSB_JOBINDEX)"


------------------------------------------------------------

Successfully completed.

Resource usage summary:

    CPU time :                                   866.00 sec.
    Max Memory :                                 1943 MB
    Average Memory :                             1678.88 MB
    Total Requested Memory :                     64000.00 MB
    Delta Memory :                               62057.00 MB
    Max Swap :                                   -
    Max Processes :                              4
    Max Threads :                                21
    Run time :                                   819 sec.
    Turnaround time :                            15657 sec.

The output (if any) is above this job summary.



PS:

Read file <my_job_error1.log> for stderr output of this job.

                                                                                        Initiating batch TV reconstruction from saved sinograms
Data loading time: 12.30 seconds
Reconstruction time: 792.30 seconds
Writing time: 10.72 seconds

------------------------------------------------------------
Sender: LSF System <lsfadmin@hpc.dtu.dk>
Subject: Job 23674221[71]: <folder_job[1-100]> in cluster <dcc> Done

Job <folder_job[1-100]> was submitted from host <gbarlogin1> by user <msaca> in cluster <dcc> at Mon Jan 13 20:01:30 2025
Job was executed on host(s) <4*n-62-20-3>, in queue <gpuv100>, as user <msaca> in cluster <dcc> at Tue Jan 14 00:10:03 2025
</zhome/71/c/146676> was used as the home directory.
</zhome/71/c/146676/main> was used as the working directory.
Started at Tue Jan 14 00:10:03 2025
Terminated at Tue Jan 14 00:23:45 2025
Results reported at Tue Jan 14 00:23:45 2025

Your job looked like:

------------------------------------------------------------
# LSBATCH: User input
#!/bin/bash
# embedded options to bsub - start with #BSUB
# -- name ---
#BSUB -J Recon
# -- choose queue --
# For gpu write gpuv100
#BSUB -q gpuv100
#BSUB -gpu "num=1"
#BSUB -e my_job_error1.log
#BSUB -o my_job_output1.log
#BSUB -M 16000
#BSUB -R "rusage[mem=16000]"
# -- estimated wall clock time (execution time): hh:mm -- 
#BSUB -W 24:00 
# -- Number of cores requested -- 
#BSUB -n 4
# -- Specify the distribution of the cores: on a separate nodes --
#BSUB -R "span[hosts=1]"
# Array job: N tasks, one per folder
#BSUB -J folder_job[1-100]
# -- end of LSF options -- 

source /zhome/71/c/146676/miniconda3/bin/activate && conda activate cil5


THRESHOLD="0.5"
SIZE="7"
DECNUM="5"
WNAME="10"
SIGMA="0.3"
ALPHA="100.0"
NUM_PROC="100"

# Export variables to make them available to the Python script
export THRESHOLD
export SIZE
export DECNUM
export WNAME
export SIGMA
export ALPHA
export BETA
export DELTA
export NUM_PROC

# python -c "from reconstructor_NA import recon_FBP_single; recon_FBP_single($LSB_JOBINDEX)"
# python -c "from reconstructor_NA import recon_FBP_multi; recon_FBP_multi($LSB_JOBINDEX)"
# python -c "from reconstructor_NA import recon_TV_single; recon_TV_single($LSB_JOBINDEX)"
python -c "from reconstructor_NA import recon_TV_multi; recon_TV_multi($LSB_JOBINDEX)"


------------------------------------------------------------

Successfully completed.

Resource usage summary:

    CPU time :                                   870.00 sec.
    Max Memory :                                 1941 MB
    Average Memory :                             1653.50 MB
    Total Requested Memory :                     64000.00 MB
    Delta Memory :                               62059.00 MB
    Max Swap :                                   -
    Max Processes :                              4
    Max Threads :                                21
    Run time :                                   822 sec.
    Turnaround time :                            15735 sec.

The output (if any) is above this job summary.



PS:

Read file <my_job_error1.log> for stderr output of this job.

Reconstruction time: 795.89 seconds
Writing time: 11.30 seconds

------------------------------------------------------------
Sender: LSF System <lsfadmin@hpc.dtu.dk>
Subject: Job 23674221[72]: <folder_job[1-100]> in cluster <dcc> Done

Job <folder_job[1-100]> was submitted from host <gbarlogin1> by user <msaca> in cluster <dcc> at Mon Jan 13 20:01:30 2025
Job was executed on host(s) <4*n-62-20-3>, in queue <gpuv100>, as user <msaca> in cluster <dcc> at Tue Jan 14 00:10:03 2025
</zhome/71/c/146676> was used as the home directory.
</zhome/71/c/146676/main> was used as the working directory.
Started at Tue Jan 14 00:10:03 2025
Terminated at Tue Jan 14 00:23:51 2025
Results reported at Tue Jan 14 00:23:51 2025

Your job looked like:

------------------------------------------------------------
# LSBATCH: User input
#!/bin/bash
# embedded options to bsub - start with #BSUB
# -- name ---
#BSUB -J Recon
# -- choose queue --
# For gpu write gpuv100
#BSUB -q gpuv100
#BSUB -gpu "num=1"
#BSUB -e my_job_error1.log
#BSUB -o my_job_output1.log
#BSUB -M 16000
#BSUB -R "rusage[mem=16000]"
# -- estimated wall clock time (execution time): hh:mm -- 
#BSUB -W 24:00 
# -- Number of cores requested -- 
#BSUB -n 4
# -- Specify the distribution of the cores: on a separate nodes --
#BSUB -R "span[hosts=1]"
# Array job: N tasks, one per folder
#BSUB -J folder_job[1-100]
# -- end of LSF options -- 

source /zhome/71/c/146676/miniconda3/bin/activate && conda activate cil5


THRESHOLD="0.5"
SIZE="7"
DECNUM="5"
WNAME="10"
SIGMA="0.3"
ALPHA="100.0"
NUM_PROC="100"

# Export variables to make them available to the Python script
export THRESHOLD
export SIZE
export DECNUM
export WNAME
export SIGMA
export ALPHA
export BETA
export DELTA
export NUM_PROC

# python -c "from reconstructor_NA import recon_FBP_single; recon_FBP_single($LSB_JOBINDEX)"
# python -c "from reconstructor_NA import recon_FBP_multi; recon_FBP_multi($LSB_JOBINDEX)"
# python -c "from reconstructor_NA import recon_TV_single; recon_TV_single($LSB_JOBINDEX)"
python -c "from reconstructor_NA import recon_TV_multi; recon_TV_multi($LSB_JOBINDEX)"


------------------------------------------------------------

Successfully completed.

Resource usage summary:

    CPU time :                                   874.00 sec.
    Max Memory :                                 1837 MB
    Average Memory :                             1597.67 MB
    Total Requested Memory :                     64000.00 MB
    Delta Memory :                               62163.00 MB
    Max Swap :                                   -
    Max Processes :                              4
    Max Threads :                                21
    Run time :                                   828 sec.
    Turnaround time :                            15741 sec.

The output (if any) is above this job summary.



PS:

Read file <my_job_error1.log> for stderr output of this job.

Initiating batch TV reconstruction from saved sinograms
Data loading time: 9.97 seconds
Initiating batch TV reconstruction from saved sinograms
Data loading time: 11.49 seconds
Reconstruction time: 791.06 seconds
Writing time: 9.75 seconds

------------------------------------------------------------
Sender: LSF System <lsfadmin@hpc.dtu.dk>
Subject: Job 23674221[73]: <folder_job[1-100]> in cluster <dcc> Done

Job <folder_job[1-100]> was submitted from host <gbarlogin1> by user <msaca> in cluster <dcc> at Mon Jan 13 20:01:30 2025
Job was executed on host(s) <4*n-62-20-5>, in queue <gpuv100>, as user <msaca> in cluster <dcc> at Tue Jan 14 00:22:18 2025
</zhome/71/c/146676> was used as the home directory.
</zhome/71/c/146676/main> was used as the working directory.
Started at Tue Jan 14 00:22:18 2025
Terminated at Tue Jan 14 00:35:54 2025
Results reported at Tue Jan 14 00:35:54 2025

Your job looked like:

------------------------------------------------------------
# LSBATCH: User input
#!/bin/bash
# embedded options to bsub - start with #BSUB
# -- name ---
#BSUB -J Recon
# -- choose queue --
# For gpu write gpuv100
#BSUB -q gpuv100
#BSUB -gpu "num=1"
#BSUB -e my_job_error1.log
#BSUB -o my_job_output1.log
#BSUB -M 16000
#BSUB -R "rusage[mem=16000]"
# -- estimated wall clock time (execution time): hh:mm -- 
#BSUB -W 24:00 
# -- Number of cores requested -- 
#BSUB -n 4
# -- Specify the distribution of the cores: on a separate nodes --
#BSUB -R "span[hosts=1]"
# Array job: N tasks, one per folder
#BSUB -J folder_job[1-100]
# -- end of LSF options -- 

source /zhome/71/c/146676/miniconda3/bin/activate && conda activate cil5


THRESHOLD="0.5"
SIZE="7"
DECNUM="5"
WNAME="10"
SIGMA="0.3"
ALPHA="100.0"
NUM_PROC="100"

# Export variables to make them available to the Python script
export THRESHOLD
export SIZE
export DECNUM
export WNAME
export SIGMA
export ALPHA
export BETA
export DELTA
export NUM_PROC

# python -c "from reconstructor_NA import recon_FBP_single; recon_FBP_single($LSB_JOBINDEX)"
# python -c "from reconstructor_NA import recon_FBP_multi; recon_FBP_multi($LSB_JOBINDEX)"
# python -c "from reconstructor_NA import recon_TV_single; recon_TV_single($LSB_JOBINDEX)"
python -c "from reconstructor_NA import recon_TV_multi; recon_TV_multi($LSB_JOBINDEX)"


------------------------------------------------------------

Successfully completed.

Resource usage summary:

    CPU time :                                   866.00 sec.
    Max Memory :                                 1942 MB
    Average Memory :                             1801.00 MB
    Total Requested Memory :                     64000.00 MB
    Delta Memory :                               62058.00 MB
    Max Swap :                                   -
    Max Processes :                              4
    Max Threads :                                21
    Run time :                                   818 sec.
    Turnaround time :                            16464 sec.

The output (if any) is above this job summary.



PS:

Read file <my_job_error1.log> for stderr output of this job.

Reconstruction time: 789.97 seconds
Writing time: 9.95 seconds

------------------------------------------------------------
Sender: LSF System <lsfadmin@hpc.dtu.dk>
Subject: Job 23674221[74]: <folder_job[1-100]> in cluster <dcc> Done

Job <folder_job[1-100]> was submitted from host <gbarlogin1> by user <msaca> in cluster <dcc> at Mon Jan 13 20:01:30 2025
Job was executed on host(s) <4*n-62-20-2>, in queue <gpuv100>, as user <msaca> in cluster <dcc> at Tue Jan 14 00:22:28 2025
</zhome/71/c/146676> was used as the home directory.
</zhome/71/c/146676/main> was used as the working directory.
Started at Tue Jan 14 00:22:28 2025
Terminated at Tue Jan 14 00:36:05 2025
Results reported at Tue Jan 14 00:36:05 2025

Your job looked like:

------------------------------------------------------------
# LSBATCH: User input
#!/bin/bash
# embedded options to bsub - start with #BSUB
# -- name ---
#BSUB -J Recon
# -- choose queue --
# For gpu write gpuv100
#BSUB -q gpuv100
#BSUB -gpu "num=1"
#BSUB -e my_job_error1.log
#BSUB -o my_job_output1.log
#BSUB -M 16000
#BSUB -R "rusage[mem=16000]"
# -- estimated wall clock time (execution time): hh:mm -- 
#BSUB -W 24:00 
# -- Number of cores requested -- 
#BSUB -n 4
# -- Specify the distribution of the cores: on a separate nodes --
#BSUB -R "span[hosts=1]"
# Array job: N tasks, one per folder
#BSUB -J folder_job[1-100]
# -- end of LSF options -- 

source /zhome/71/c/146676/miniconda3/bin/activate && conda activate cil5


THRESHOLD="0.5"
SIZE="7"
DECNUM="5"
WNAME="10"
SIGMA="0.3"
ALPHA="100.0"
NUM_PROC="100"

# Export variables to make them available to the Python script
export THRESHOLD
export SIZE
export DECNUM
export WNAME
export SIGMA
export ALPHA
export BETA
export DELTA
export NUM_PROC

# python -c "from reconstructor_NA import recon_FBP_single; recon_FBP_single($LSB_JOBINDEX)"
# python -c "from reconstructor_NA import recon_FBP_multi; recon_FBP_multi($LSB_JOBINDEX)"
# python -c "from reconstructor_NA import recon_TV_single; recon_TV_single($LSB_JOBINDEX)"
python -c "from reconstructor_NA import recon_TV_multi; recon_TV_multi($LSB_JOBINDEX)"


------------------------------------------------------------

Successfully completed.

Resource usage summary:

    CPU time :                                   866.00 sec.
    Max Memory :                                 1844 MB
    Average Memory :                             1598.22 MB
    Total Requested Memory :                     64000.00 MB
    Delta Memory :                               62156.00 MB
    Max Swap :                                   -
    Max Processes :                              4
    Max Threads :                                21
    Run time :                                   818 sec.
    Turnaround time :                            16475 sec.

The output (if any) is above this job summary.



PS:

Read file <my_job_error1.log> for stderr output of this job.

                                                                                         Initiating batch TV reconstruction from saved sinograms
Data loading time: 14.91 seconds
Reconstruction time: 790.59 seconds
Writing time: 9.40 seconds

------------------------------------------------------------
Sender: LSF System <lsfadmin@hpc.dtu.dk>
Subject: Job 23674221[75]: <folder_job[1-100]> in cluster <dcc> Done

Job <folder_job[1-100]> was submitted from host <gbarlogin1> by user <msaca> in cluster <dcc> at Mon Jan 13 20:01:30 2025
Job was executed on host(s) <4*n-62-20-3>, in queue <gpuv100>, as user <msaca> in cluster <dcc> at Tue Jan 14 00:23:47 2025
</zhome/71/c/146676> was used as the home directory.
</zhome/71/c/146676/main> was used as the working directory.
Started at Tue Jan 14 00:23:47 2025
Terminated at Tue Jan 14 00:37:23 2025
Results reported at Tue Jan 14 00:37:23 2025

Your job looked like:

------------------------------------------------------------
# LSBATCH: User input
#!/bin/bash
# embedded options to bsub - start with #BSUB
# -- name ---
#BSUB -J Recon
# -- choose queue --
# For gpu write gpuv100
#BSUB -q gpuv100
#BSUB -gpu "num=1"
#BSUB -e my_job_error1.log
#BSUB -o my_job_output1.log
#BSUB -M 16000
#BSUB -R "rusage[mem=16000]"
# -- estimated wall clock time (execution time): hh:mm -- 
#BSUB -W 24:00 
# -- Number of cores requested -- 
#BSUB -n 4
# -- Specify the distribution of the cores: on a separate nodes --
#BSUB -R "span[hosts=1]"
# Array job: N tasks, one per folder
#BSUB -J folder_job[1-100]
# -- end of LSF options -- 

source /zhome/71/c/146676/miniconda3/bin/activate && conda activate cil5


THRESHOLD="0.5"
SIZE="7"
DECNUM="5"
WNAME="10"
SIGMA="0.3"
ALPHA="100.0"
NUM_PROC="100"

# Export variables to make them available to the Python script
export THRESHOLD
export SIZE
export DECNUM
export WNAME
export SIGMA
export ALPHA
export BETA
export DELTA
export NUM_PROC

# python -c "from reconstructor_NA import recon_FBP_single; recon_FBP_single($LSB_JOBINDEX)"
# python -c "from reconstructor_NA import recon_FBP_multi; recon_FBP_multi($LSB_JOBINDEX)"
# python -c "from reconstructor_NA import recon_TV_single; recon_TV_single($LSB_JOBINDEX)"
python -c "from reconstructor_NA import recon_TV_multi; recon_TV_multi($LSB_JOBINDEX)"


------------------------------------------------------------

Successfully completed.

Resource usage summary:

    CPU time :                                   867.00 sec.
    Max Memory :                                 2015 MB
    Average Memory :                             1628.13 MB
    Total Requested Memory :                     64000.00 MB
    Delta Memory :                               61985.00 MB
    Max Swap :                                   -
    Max Processes :                              4
    Max Threads :                                21
    Run time :                                   817 sec.
    Turnaround time :                            16553 sec.

The output (if any) is above this job summary.



PS:

Read file <my_job_error1.log> for stderr output of this job.

Reconstruction time: 795.84 seconds
Writing time: 10.17 seconds

------------------------------------------------------------
Sender: LSF System <lsfadmin@hpc.dtu.dk>
Subject: Job 23674221[76]: <folder_job[1-100]> in cluster <dcc> Done

Job <folder_job[1-100]> was submitted from host <gbarlogin1> by user <msaca> in cluster <dcc> at Mon Jan 13 20:01:30 2025
Job was executed on host(s) <4*n-62-20-3>, in queue <gpuv100>, as user <msaca> in cluster <dcc> at Tue Jan 14 00:23:51 2025
</zhome/71/c/146676> was used as the home directory.
</zhome/71/c/146676/main> was used as the working directory.
Started at Tue Jan 14 00:23:51 2025
Terminated at Tue Jan 14 00:37:34 2025
Results reported at Tue Jan 14 00:37:34 2025

Your job looked like:

------------------------------------------------------------
# LSBATCH: User input
#!/bin/bash
# embedded options to bsub - start with #BSUB
# -- name ---
#BSUB -J Recon
# -- choose queue --
# For gpu write gpuv100
#BSUB -q gpuv100
#BSUB -gpu "num=1"
#BSUB -e my_job_error1.log
#BSUB -o my_job_output1.log
#BSUB -M 16000
#BSUB -R "rusage[mem=16000]"
# -- estimated wall clock time (execution time): hh:mm -- 
#BSUB -W 24:00 
# -- Number of cores requested -- 
#BSUB -n 4
# -- Specify the distribution of the cores: on a separate nodes --
#BSUB -R "span[hosts=1]"
# Array job: N tasks, one per folder
#BSUB -J folder_job[1-100]
# -- end of LSF options -- 

source /zhome/71/c/146676/miniconda3/bin/activate && conda activate cil5


THRESHOLD="0.5"
SIZE="7"
DECNUM="5"
WNAME="10"
SIGMA="0.3"
ALPHA="100.0"
NUM_PROC="100"

# Export variables to make them available to the Python script
export THRESHOLD
export SIZE
export DECNUM
export WNAME
export SIGMA
export ALPHA
export BETA
export DELTA
export NUM_PROC

# python -c "from reconstructor_NA import recon_FBP_single; recon_FBP_single($LSB_JOBINDEX)"
# python -c "from reconstructor_NA import recon_FBP_multi; recon_FBP_multi($LSB_JOBINDEX)"
# python -c "from reconstructor_NA import recon_TV_single; recon_TV_single($LSB_JOBINDEX)"
python -c "from reconstructor_NA import recon_TV_multi; recon_TV_multi($LSB_JOBINDEX)"


------------------------------------------------------------

Successfully completed.

Resource usage summary:

    CPU time :                                   873.00 sec.
    Max Memory :                                 1791 MB
    Average Memory :                             1516.33 MB
    Total Requested Memory :                     64000.00 MB
    Delta Memory :                               62209.00 MB
    Max Swap :                                   -
    Max Processes :                              4
    Max Threads :                                21
    Run time :                                   823 sec.
    Turnaround time :                            16564 sec.

The output (if any) is above this job summary.



PS:

Read file <my_job_error1.log> for stderr output of this job.

Initiating batch TV reconstruction from saved sinograms
Data loading time: 15.20 seconds
Initiating batch TV reconstruction from saved sinograms
Data loading time: 16.53 seconds
Reconstruction time: 790.03 seconds
Writing time: 9.19 seconds

------------------------------------------------------------
Sender: LSF System <lsfadmin@hpc.dtu.dk>
Subject: Job 23674221[77]: <folder_job[1-100]> in cluster <dcc> Done

Job <folder_job[1-100]> was submitted from host <gbarlogin1> by user <msaca> in cluster <dcc> at Mon Jan 13 20:01:30 2025
Job was executed on host(s) <4*n-62-20-5>, in queue <gpuv100>, as user <msaca> in cluster <dcc> at Tue Jan 14 00:35:56 2025
</zhome/71/c/146676> was used as the home directory.
</zhome/71/c/146676/main> was used as the working directory.
Started at Tue Jan 14 00:35:56 2025
Terminated at Tue Jan 14 00:49:34 2025
Results reported at Tue Jan 14 00:49:34 2025

Your job looked like:

------------------------------------------------------------
# LSBATCH: User input
#!/bin/bash
# embedded options to bsub - start with #BSUB
# -- name ---
#BSUB -J Recon
# -- choose queue --
# For gpu write gpuv100
#BSUB -q gpuv100
#BSUB -gpu "num=1"
#BSUB -e my_job_error1.log
#BSUB -o my_job_output1.log
#BSUB -M 16000
#BSUB -R "rusage[mem=16000]"
# -- estimated wall clock time (execution time): hh:mm -- 
#BSUB -W 24:00 
# -- Number of cores requested -- 
#BSUB -n 4
# -- Specify the distribution of the cores: on a separate nodes --
#BSUB -R "span[hosts=1]"
# Array job: N tasks, one per folder
#BSUB -J folder_job[1-100]
# -- end of LSF options -- 

source /zhome/71/c/146676/miniconda3/bin/activate && conda activate cil5


THRESHOLD="0.5"
SIZE="7"
DECNUM="5"
WNAME="10"
SIGMA="0.3"
ALPHA="100.0"
NUM_PROC="100"

# Export variables to make them available to the Python script
export THRESHOLD
export SIZE
export DECNUM
export WNAME
export SIGMA
export ALPHA
export BETA
export DELTA
export NUM_PROC

# python -c "from reconstructor_NA import recon_FBP_single; recon_FBP_single($LSB_JOBINDEX)"
# python -c "from reconstructor_NA import recon_FBP_multi; recon_FBP_multi($LSB_JOBINDEX)"
# python -c "from reconstructor_NA import recon_TV_single; recon_TV_single($LSB_JOBINDEX)"
python -c "from reconstructor_NA import recon_TV_multi; recon_TV_multi($LSB_JOBINDEX)"


------------------------------------------------------------

Successfully completed.

Resource usage summary:

    CPU time :                                   866.00 sec.
    Max Memory :                                 1935 MB
    Average Memory :                             1628.87 MB
    Total Requested Memory :                     64000.00 MB
    Delta Memory :                               62065.00 MB
    Max Swap :                                   -
    Max Processes :                              4
    Max Threads :                                21
    Run time :                                   818 sec.
    Turnaround time :                            17284 sec.

The output (if any) is above this job summary.



PS:

Read file <my_job_error1.log> for stderr output of this job.

Reconstruction time: 790.64 seconds
Writing time: 9.05 seconds

------------------------------------------------------------
Sender: LSF System <lsfadmin@hpc.dtu.dk>
Subject: Job 23674221[78]: <folder_job[1-100]> in cluster <dcc> Done

Job <folder_job[1-100]> was submitted from host <gbarlogin1> by user <msaca> in cluster <dcc> at Mon Jan 13 20:01:30 2025
Job was executed on host(s) <4*n-62-20-2>, in queue <gpuv100>, as user <msaca> in cluster <dcc> at Tue Jan 14 00:36:05 2025
</zhome/71/c/146676> was used as the home directory.
</zhome/71/c/146676/main> was used as the working directory.
Started at Tue Jan 14 00:36:05 2025
Terminated at Tue Jan 14 00:49:45 2025
Results reported at Tue Jan 14 00:49:45 2025

Your job looked like:

------------------------------------------------------------
# LSBATCH: User input
#!/bin/bash
# embedded options to bsub - start with #BSUB
# -- name ---
#BSUB -J Recon
# -- choose queue --
# For gpu write gpuv100
#BSUB -q gpuv100
#BSUB -gpu "num=1"
#BSUB -e my_job_error1.log
#BSUB -o my_job_output1.log
#BSUB -M 16000
#BSUB -R "rusage[mem=16000]"
# -- estimated wall clock time (execution time): hh:mm -- 
#BSUB -W 24:00 
# -- Number of cores requested -- 
#BSUB -n 4
# -- Specify the distribution of the cores: on a separate nodes --
#BSUB -R "span[hosts=1]"
# Array job: N tasks, one per folder
#BSUB -J folder_job[1-100]
# -- end of LSF options -- 

source /zhome/71/c/146676/miniconda3/bin/activate && conda activate cil5


THRESHOLD="0.5"
SIZE="7"
DECNUM="5"
WNAME="10"
SIGMA="0.3"
ALPHA="100.0"
NUM_PROC="100"

# Export variables to make them available to the Python script
export THRESHOLD
export SIZE
export DECNUM
export WNAME
export SIGMA
export ALPHA
export BETA
export DELTA
export NUM_PROC

# python -c "from reconstructor_NA import recon_FBP_single; recon_FBP_single($LSB_JOBINDEX)"
# python -c "from reconstructor_NA import recon_FBP_multi; recon_FBP_multi($LSB_JOBINDEX)"
# python -c "from reconstructor_NA import recon_TV_single; recon_TV_single($LSB_JOBINDEX)"
python -c "from reconstructor_NA import recon_TV_multi; recon_TV_multi($LSB_JOBINDEX)"


------------------------------------------------------------

Successfully completed.

Resource usage summary:

    CPU time :                                   868.00 sec.
    Max Memory :                                 1943 MB
    Average Memory :                             1622.12 MB
    Total Requested Memory :                     64000.00 MB
    Delta Memory :                               62057.00 MB
    Max Swap :                                   -
    Max Processes :                              4
    Max Threads :                                21
    Run time :                                   820 sec.
    Turnaround time :                            17295 sec.

The output (if any) is above this job summary.



PS:

Read file <my_job_error1.log> for stderr output of this job.

Initiating batch TV reconstruction from saved sinograms
Data loading time: 12.99 seconds
Reconstruction time: 791.57 seconds
Writing time: 9.68 seconds

------------------------------------------------------------
Sender: LSF System <lsfadmin@hpc.dtu.dk>
Subject: Job 23674221[79]: <folder_job[1-100]> in cluster <dcc> Done

Job <folder_job[1-100]> was submitted from host <gbarlogin1> by user <msaca> in cluster <dcc> at Mon Jan 13 20:01:30 2025
Job was executed on host(s) <4*n-62-20-3>, in queue <gpuv100>, as user <msaca> in cluster <dcc> at Tue Jan 14 00:37:24 2025
</zhome/71/c/146676> was used as the home directory.
</zhome/71/c/146676/main> was used as the working directory.
Started at Tue Jan 14 00:37:24 2025
Terminated at Tue Jan 14 00:51:07 2025
Results reported at Tue Jan 14 00:51:07 2025

Your job looked like:

------------------------------------------------------------
# LSBATCH: User input
#!/bin/bash
# embedded options to bsub - start with #BSUB
# -- name ---
#BSUB -J Recon
# -- choose queue --
# For gpu write gpuv100
#BSUB -q gpuv100
#BSUB -gpu "num=1"
#BSUB -e my_job_error1.log
#BSUB -o my_job_output1.log
#BSUB -M 16000
#BSUB -R "rusage[mem=16000]"
# -- estimated wall clock time (execution time): hh:mm -- 
#BSUB -W 24:00 
# -- Number of cores requested -- 
#BSUB -n 4
# -- Specify the distribution of the cores: on a separate nodes --
#BSUB -R "span[hosts=1]"
# Array job: N tasks, one per folder
#BSUB -J folder_job[1-100]
# -- end of LSF options -- 

source /zhome/71/c/146676/miniconda3/bin/activate && conda activate cil5


THRESHOLD="0.5"
SIZE="7"
DECNUM="5"
WNAME="10"
SIGMA="0.3"
ALPHA="100.0"
NUM_PROC="100"

# Export variables to make them available to the Python script
export THRESHOLD
export SIZE
export DECNUM
export WNAME
export SIGMA
export ALPHA
export BETA
export DELTA
export NUM_PROC

# python -c "from reconstructor_NA import recon_FBP_single; recon_FBP_single($LSB_JOBINDEX)"
# python -c "from reconstructor_NA import recon_FBP_multi; recon_FBP_multi($LSB_JOBINDEX)"
# python -c "from reconstructor_NA import recon_TV_single; recon_TV_single($LSB_JOBINDEX)"
python -c "from reconstructor_NA import recon_TV_multi; recon_TV_multi($LSB_JOBINDEX)"


------------------------------------------------------------

Successfully completed.

Resource usage summary:

    CPU time :                                   868.00 sec.
    Max Memory :                                 2075 MB
    Average Memory :                             1683.78 MB
    Total Requested Memory :                     64000.00 MB
    Delta Memory :                               61925.00 MB
    Max Swap :                                   -
    Max Processes :                              4
    Max Threads :                                21
    Run time :                                   824 sec.
    Turnaround time :                            17377 sec.

The output (if any) is above this job summary.



PS:

Read file <my_job_error1.log> for stderr output of this job.

Reconstruction time: 794.38 seconds
Writing time: 9.86 seconds

------------------------------------------------------------
Sender: LSF System <lsfadmin@hpc.dtu.dk>
Subject: Job 23674221[80]: <folder_job[1-100]> in cluster <dcc> Done

Job <folder_job[1-100]> was submitted from host <gbarlogin1> by user <msaca> in cluster <dcc> at Mon Jan 13 20:01:30 2025
Job was executed on host(s) <4*n-62-20-3>, in queue <gpuv100>, as user <msaca> in cluster <dcc> at Tue Jan 14 00:37:36 2025
</zhome/71/c/146676> was used as the home directory.
</zhome/71/c/146676/main> was used as the working directory.
Started at Tue Jan 14 00:37:36 2025
Terminated at Tue Jan 14 00:51:23 2025
Results reported at Tue Jan 14 00:51:23 2025

Your job looked like:

------------------------------------------------------------
# LSBATCH: User input
#!/bin/bash
# embedded options to bsub - start with #BSUB
# -- name ---
#BSUB -J Recon
# -- choose queue --
# For gpu write gpuv100
#BSUB -q gpuv100
#BSUB -gpu "num=1"
#BSUB -e my_job_error1.log
#BSUB -o my_job_output1.log
#BSUB -M 16000
#BSUB -R "rusage[mem=16000]"
# -- estimated wall clock time (execution time): hh:mm -- 
#BSUB -W 24:00 
# -- Number of cores requested -- 
#BSUB -n 4
# -- Specify the distribution of the cores: on a separate nodes --
#BSUB -R "span[hosts=1]"
# Array job: N tasks, one per folder
#BSUB -J folder_job[1-100]
# -- end of LSF options -- 

source /zhome/71/c/146676/miniconda3/bin/activate && conda activate cil5


THRESHOLD="0.5"
SIZE="7"
DECNUM="5"
WNAME="10"
SIGMA="0.3"
ALPHA="100.0"
NUM_PROC="100"

# Export variables to make them available to the Python script
export THRESHOLD
export SIZE
export DECNUM
export WNAME
export SIGMA
export ALPHA
export BETA
export DELTA
export NUM_PROC

# python -c "from reconstructor_NA import recon_FBP_single; recon_FBP_single($LSB_JOBINDEX)"
# python -c "from reconstructor_NA import recon_FBP_multi; recon_FBP_multi($LSB_JOBINDEX)"
# python -c "from reconstructor_NA import recon_TV_single; recon_TV_single($LSB_JOBINDEX)"
python -c "from reconstructor_NA import recon_TV_multi; recon_TV_multi($LSB_JOBINDEX)"


------------------------------------------------------------

Successfully completed.

Resource usage summary:

    CPU time :                                   871.00 sec.
    Max Memory :                                 1935 MB
    Average Memory :                             1632.78 MB
    Total Requested Memory :                     64000.00 MB
    Delta Memory :                               62065.00 MB
    Max Swap :                                   -
    Max Processes :                              4
    Max Threads :                                21
    Run time :                                   829 sec.
    Turnaround time :                            17393 sec.

The output (if any) is above this job summary.



PS:

Read file <my_job_error1.log> for stderr output of this job.

Initiating batch TV reconstruction from saved sinograms
Data loading time: 13.87 seconds
Initiating batch TV reconstruction from saved sinograms
Data loading time: 10.88 seconds
Reconstruction time: 788.15 seconds
Writing time: 10.28 seconds

------------------------------------------------------------
Sender: LSF System <lsfadmin@hpc.dtu.dk>
Subject: Job 23674221[81]: <folder_job[1-100]> in cluster <dcc> Done

Job <folder_job[1-100]> was submitted from host <gbarlogin1> by user <msaca> in cluster <dcc> at Mon Jan 13 20:01:30 2025
Job was executed on host(s) <4*n-62-20-5>, in queue <gpuv100>, as user <msaca> in cluster <dcc> at Tue Jan 14 00:49:34 2025
</zhome/71/c/146676> was used as the home directory.
</zhome/71/c/146676/main> was used as the working directory.
Started at Tue Jan 14 00:49:34 2025
Terminated at Tue Jan 14 01:03:11 2025
Results reported at Tue Jan 14 01:03:11 2025

Your job looked like:

------------------------------------------------------------
# LSBATCH: User input
#!/bin/bash
# embedded options to bsub - start with #BSUB
# -- name ---
#BSUB -J Recon
# -- choose queue --
# For gpu write gpuv100
#BSUB -q gpuv100
#BSUB -gpu "num=1"
#BSUB -e my_job_error1.log
#BSUB -o my_job_output1.log
#BSUB -M 16000
#BSUB -R "rusage[mem=16000]"
# -- estimated wall clock time (execution time): hh:mm -- 
#BSUB -W 24:00 
# -- Number of cores requested -- 
#BSUB -n 4
# -- Specify the distribution of the cores: on a separate nodes --
#BSUB -R "span[hosts=1]"
# Array job: N tasks, one per folder
#BSUB -J folder_job[1-100]
# -- end of LSF options -- 

source /zhome/71/c/146676/miniconda3/bin/activate && conda activate cil5


THRESHOLD="0.5"
SIZE="7"
DECNUM="5"
WNAME="10"
SIGMA="0.3"
ALPHA="100.0"
NUM_PROC="100"

# Export variables to make them available to the Python script
export THRESHOLD
export SIZE
export DECNUM
export WNAME
export SIGMA
export ALPHA
export BETA
export DELTA
export NUM_PROC

# python -c "from reconstructor_NA import recon_FBP_single; recon_FBP_single($LSB_JOBINDEX)"
# python -c "from reconstructor_NA import recon_FBP_multi; recon_FBP_multi($LSB_JOBINDEX)"
# python -c "from reconstructor_NA import recon_TV_single; recon_TV_single($LSB_JOBINDEX)"
python -c "from reconstructor_NA import recon_TV_multi; recon_TV_multi($LSB_JOBINDEX)"


------------------------------------------------------------

Successfully completed.

Resource usage summary:

    CPU time :                                   865.00 sec.
    Max Memory :                                 1945 MB
    Average Memory :                             1642.44 MB
    Total Requested Memory :                     64000.00 MB
    Delta Memory :                               62055.00 MB
    Max Swap :                                   -
    Max Processes :                              4
    Max Threads :                                21
    Run time :                                   817 sec.
    Turnaround time :                            18101 sec.

The output (if any) is above this job summary.



PS:

Read file <my_job_error1.log> for stderr output of this job.

                                                                                                                                                                                                                                                                                                                                                                                                                                                                                                                                                                                                                                                                                                                                                                                                                                                                                                                                                                                                                                                                                                                                                                                                                                                                                                                                                                                                                                                                                                                                                                                                                                                                                                                                                                                                                                                                                                                                                                                                                                                                                                                                                                                                                                                                                                                                                                                                                                                                                                                                                                                                                                                                                                                                                                                                                                                                                                                                                                                                                                 Initiating batch TV reconstruction from saved sinograms
Data loading time: 12.41 seconds
Initiating batch TV reconstruction from saved sinograms
Data loading time: 12.80 seconds
Reconstruction time: 791.64 seconds
Writing time: 9.44 seconds

------------------------------------------------------------
Sender: LSF System <lsfadmin@hpc.dtu.dk>
Subject: Job 23674221[83]: <folder_job[1-100]> in cluster <dcc> Done

Job <folder_job[1-100]> was submitted from host <gbarlogin1> by user <msaca> in cluster <dcc> at Mon Jan 13 20:01:30 2025
Job was executed on host(s) <4*n-62-20-3>, in queue <gpuv100>, as user <msaca> in cluster <dcc> at Tue Jan 14 00:51:08 2025
</zhome/71/c/146676> was used as the home directory.
</zhome/71/c/146676/main> was used as the working directory.
Started at Tue Jan 14 00:51:08 2025
Terminated at Tue Jan 14 01:04:48 2025
Results reported at Tue Jan 14 01:04:48 2025

Your job looked like:

------------------------------------------------------------
# LSBATCH: User input
#!/bin/bash
# embedded options to bsub - start with #BSUB
# -- name ---
#BSUB -J Recon
# -- choose queue --
# For gpu write gpuv100
#BSUB -q gpuv100
#BSUB -gpu "num=1"
#BSUB -e my_job_error1.log
#BSUB -o my_job_output1.log
#BSUB -M 16000
#BSUB -R "rusage[mem=16000]"
# -- estimated wall clock time (execution time): hh:mm -- 
#BSUB -W 24:00 
# -- Number of cores requested -- 
#BSUB -n 4
# -- Specify the distribution of the cores: on a separate nodes --
#BSUB -R "span[hosts=1]"
# Array job: N tasks, one per folder
#BSUB -J folder_job[1-100]
# -- end of LSF options -- 

source /zhome/71/c/146676/miniconda3/bin/activate && conda activate cil5


THRESHOLD="0.5"
SIZE="7"
DECNUM="5"
WNAME="10"
SIGMA="0.3"
ALPHA="100.0"
NUM_PROC="100"

# Export variables to make them available to the Python script
export THRESHOLD
export SIZE
export DECNUM
export WNAME
export SIGMA
export ALPHA
export BETA
export DELTA
export NUM_PROC

# python -c "from reconstructor_NA import recon_FBP_single; recon_FBP_single($LSB_JOBINDEX)"
# python -c "from reconstructor_NA import recon_FBP_multi; recon_FBP_multi($LSB_JOBINDEX)"
# python -c "from reconstructor_NA import recon_TV_single; recon_TV_single($LSB_JOBINDEX)"
python -c "from reconstructor_NA import recon_TV_multi; recon_TV_multi($LSB_JOBINDEX)"


------------------------------------------------------------

Successfully completed.

Resource usage summary:

    CPU time :                                   869.00 sec.
    Max Memory :                                 2078 MB
    Average Memory :                             1582.12 MB
    Total Requested Memory :                     64000.00 MB
    Delta Memory :                               61922.00 MB
    Max Swap :                                   -
    Max Processes :                              4
    Max Threads :                                21
    Run time :                                   821 sec.
    Turnaround time :                            18198 sec.

The output (if any) is above this job summary.



PS:

Read file <my_job_error1.log> for stderr output of this job.

Reconstruction time: 794.19 seconds
Writing time: 10.10 seconds

------------------------------------------------------------
Sender: LSF System <lsfadmin@hpc.dtu.dk>
Subject: Job 23674221[84]: <folder_job[1-100]> in cluster <dcc> Done

Job <folder_job[1-100]> was submitted from host <gbarlogin1> by user <msaca> in cluster <dcc> at Mon Jan 13 20:01:30 2025
Job was executed on host(s) <4*n-62-20-3>, in queue <gpuv100>, as user <msaca> in cluster <dcc> at Tue Jan 14 00:51:24 2025
</zhome/71/c/146676> was used as the home directory.
</zhome/71/c/146676/main> was used as the working directory.
Started at Tue Jan 14 00:51:24 2025
Terminated at Tue Jan 14 01:05:05 2025
Results reported at Tue Jan 14 01:05:05 2025

Your job looked like:

------------------------------------------------------------
# LSBATCH: User input
#!/bin/bash
# embedded options to bsub - start with #BSUB
# -- name ---
#BSUB -J Recon
# -- choose queue --
# For gpu write gpuv100
#BSUB -q gpuv100
#BSUB -gpu "num=1"
#BSUB -e my_job_error1.log
#BSUB -o my_job_output1.log
#BSUB -M 16000
#BSUB -R "rusage[mem=16000]"
# -- estimated wall clock time (execution time): hh:mm -- 
#BSUB -W 24:00 
# -- Number of cores requested -- 
#BSUB -n 4
# -- Specify the distribution of the cores: on a separate nodes --
#BSUB -R "span[hosts=1]"
# Array job: N tasks, one per folder
#BSUB -J folder_job[1-100]
# -- end of LSF options -- 

source /zhome/71/c/146676/miniconda3/bin/activate && conda activate cil5


THRESHOLD="0.5"
SIZE="7"
DECNUM="5"
WNAME="10"
SIGMA="0.3"
ALPHA="100.0"
NUM_PROC="100"

# Export variables to make them available to the Python script
export THRESHOLD
export SIZE
export DECNUM
export WNAME
export SIGMA
export ALPHA
export BETA
export DELTA
export NUM_PROC

# python -c "from reconstructor_NA import recon_FBP_single; recon_FBP_single($LSB_JOBINDEX)"
# python -c "from reconstructor_NA import recon_FBP_multi; recon_FBP_multi($LSB_JOBINDEX)"
# python -c "from reconstructor_NA import recon_TV_single; recon_TV_single($LSB_JOBINDEX)"
python -c "from reconstructor_NA import recon_TV_multi; recon_TV_multi($LSB_JOBINDEX)"


------------------------------------------------------------

Successfully completed.

Resource usage summary:

    CPU time :                                   871.00 sec.
    Max Memory :                                 1935 MB
    Average Memory :                             1641.67 MB
    Total Requested Memory :                     64000.00 MB
    Delta Memory :                               62065.00 MB
    Max Swap :                                   -
    Max Processes :                              4
    Max Threads :                                21
    Run time :                                   822 sec.
    Turnaround time :                            18215 sec.

The output (if any) is above this job summary.



PS:

Read file <my_job_error1.log> for stderr output of this job.

Initiating batch TV reconstruction from saved sinograms
Data loading time: 12.25 seconds
Initiating batch TV reconstruction from saved sinograms
Data loading time: 12.51 seconds
Reconstruction time: 789.98 seconds
Writing time: 9.61 seconds

------------------------------------------------------------
Sender: LSF System <lsfadmin@hpc.dtu.dk>
Subject: Job 23674221[85]: <folder_job[1-100]> in cluster <dcc> Done

Job <folder_job[1-100]> was submitted from host <gbarlogin1> by user <msaca> in cluster <dcc> at Mon Jan 13 20:01:30 2025
Job was executed on host(s) <4*n-62-20-5>, in queue <gpuv100>, as user <msaca> in cluster <dcc> at Tue Jan 14 01:03:13 2025
</zhome/71/c/146676> was used as the home directory.
</zhome/71/c/146676/main> was used as the working directory.
Started at Tue Jan 14 01:03:13 2025
Terminated at Tue Jan 14 01:16:50 2025
Results reported at Tue Jan 14 01:16:50 2025

Your job looked like:

------------------------------------------------------------
# LSBATCH: User input
#!/bin/bash
# embedded options to bsub - start with #BSUB
# -- name ---
#BSUB -J Recon
# -- choose queue --
# For gpu write gpuv100
#BSUB -q gpuv100
#BSUB -gpu "num=1"
#BSUB -e my_job_error1.log
#BSUB -o my_job_output1.log
#BSUB -M 16000
#BSUB -R "rusage[mem=16000]"
# -- estimated wall clock time (execution time): hh:mm -- 
#BSUB -W 24:00 
# -- Number of cores requested -- 
#BSUB -n 4
# -- Specify the distribution of the cores: on a separate nodes --
#BSUB -R "span[hosts=1]"
# Array job: N tasks, one per folder
#BSUB -J folder_job[1-100]
# -- end of LSF options -- 

source /zhome/71/c/146676/miniconda3/bin/activate && conda activate cil5


THRESHOLD="0.5"
SIZE="7"
DECNUM="5"
WNAME="10"
SIGMA="0.3"
ALPHA="100.0"
NUM_PROC="100"

# Export variables to make them available to the Python script
export THRESHOLD
export SIZE
export DECNUM
export WNAME
export SIGMA
export ALPHA
export BETA
export DELTA
export NUM_PROC

# python -c "from reconstructor_NA import recon_FBP_single; recon_FBP_single($LSB_JOBINDEX)"
# python -c "from reconstructor_NA import recon_FBP_multi; recon_FBP_multi($LSB_JOBINDEX)"
# python -c "from reconstructor_NA import recon_TV_single; recon_TV_single($LSB_JOBINDEX)"
python -c "from reconstructor_NA import recon_TV_multi; recon_TV_multi($LSB_JOBINDEX)"


------------------------------------------------------------

Successfully completed.

Resource usage summary:

    CPU time :                                   865.00 sec.
    Max Memory :                                 2172 MB
    Average Memory :                             1820.12 MB
    Total Requested Memory :                     64000.00 MB
    Delta Memory :                               61828.00 MB
    Max Swap :                                   -
    Max Processes :                              4
    Max Threads :                                21
    Run time :                                   819 sec.
    Turnaround time :                            18920 sec.

The output (if any) is above this job summary.



PS:

Read file <my_job_error1.log> for stderr output of this job.

                                                                                                                                                                                                                                                                                                                                                                                                                                                                                                                                                                                                                                                                                                                                                                                                                                                                                                                                                                                                                                                                                                                                                                                                                                                                                                                                                                                                                                                                                                                                                                                                                                                                                                                                                                                                                                                                                                                                                                                                                                                                                                                                                                                                                                                                                                                                                                                                                                                                                                                                                                                                                                                                                                                                                                                                                                                                                                                                                                                                                                 Initiating batch TV reconstruction from saved sinograms
Data loading time: 12.01 seconds
Initiating batch TV reconstruction from saved sinograms
Data loading time: 10.40 seconds
Reconstruction time: 792.08 seconds
Writing time: 9.77 seconds

------------------------------------------------------------
Sender: LSF System <lsfadmin@hpc.dtu.dk>
Subject: Job 23674221[87]: <folder_job[1-100]> in cluster <dcc> Done

Job <folder_job[1-100]> was submitted from host <gbarlogin1> by user <msaca> in cluster <dcc> at Mon Jan 13 20:01:30 2025
Job was executed on host(s) <4*n-62-20-3>, in queue <gpuv100>, as user <msaca> in cluster <dcc> at Tue Jan 14 01:04:50 2025
</zhome/71/c/146676> was used as the home directory.
</zhome/71/c/146676/main> was used as the working directory.
Started at Tue Jan 14 01:04:50 2025
Terminated at Tue Jan 14 01:18:29 2025
Results reported at Tue Jan 14 01:18:29 2025

Your job looked like:

------------------------------------------------------------
# LSBATCH: User input
#!/bin/bash
# embedded options to bsub - start with #BSUB
# -- name ---
#BSUB -J Recon
# -- choose queue --
# For gpu write gpuv100
#BSUB -q gpuv100
#BSUB -gpu "num=1"
#BSUB -e my_job_error1.log
#BSUB -o my_job_output1.log
#BSUB -M 16000
#BSUB -R "rusage[mem=16000]"
# -- estimated wall clock time (execution time): hh:mm -- 
#BSUB -W 24:00 
# -- Number of cores requested -- 
#BSUB -n 4
# -- Specify the distribution of the cores: on a separate nodes --
#BSUB -R "span[hosts=1]"
# Array job: N tasks, one per folder
#BSUB -J folder_job[1-100]
# -- end of LSF options -- 

source /zhome/71/c/146676/miniconda3/bin/activate && conda activate cil5


THRESHOLD="0.5"
SIZE="7"
DECNUM="5"
WNAME="10"
SIGMA="0.3"
ALPHA="100.0"
NUM_PROC="100"

# Export variables to make them available to the Python script
export THRESHOLD
export SIZE
export DECNUM
export WNAME
export SIGMA
export ALPHA
export BETA
export DELTA
export NUM_PROC

# python -c "from reconstructor_NA import recon_FBP_single; recon_FBP_single($LSB_JOBINDEX)"
# python -c "from reconstructor_NA import recon_FBP_multi; recon_FBP_multi($LSB_JOBINDEX)"
# python -c "from reconstructor_NA import recon_TV_single; recon_TV_single($LSB_JOBINDEX)"
python -c "from reconstructor_NA import recon_TV_multi; recon_TV_multi($LSB_JOBINDEX)"


------------------------------------------------------------

Successfully completed.

Resource usage summary:

    CPU time :                                   869.00 sec.
    Max Memory :                                 1942 MB
    Average Memory :                             1571.00 MB
    Total Requested Memory :                     64000.00 MB
    Delta Memory :                               62058.00 MB
    Max Swap :                                   -
    Max Processes :                              4
    Max Threads :                                21
    Run time :                                   821 sec.
    Turnaround time :                            19019 sec.

The output (if any) is above this job summary.



PS:

Read file <my_job_error1.log> for stderr output of this job.

Reconstruction time: 794.58 seconds
Writing time: 8.60 seconds

------------------------------------------------------------
Sender: LSF System <lsfadmin@hpc.dtu.dk>
Subject: Job 23674221[88]: <folder_job[1-100]> in cluster <dcc> Done

Job <folder_job[1-100]> was submitted from host <gbarlogin1> by user <msaca> in cluster <dcc> at Mon Jan 13 20:01:30 2025
Job was executed on host(s) <4*n-62-20-3>, in queue <gpuv100>, as user <msaca> in cluster <dcc> at Tue Jan 14 01:05:06 2025
</zhome/71/c/146676> was used as the home directory.
</zhome/71/c/146676/main> was used as the working directory.
Started at Tue Jan 14 01:05:06 2025
Terminated at Tue Jan 14 01:18:47 2025
Results reported at Tue Jan 14 01:18:47 2025

Your job looked like:

------------------------------------------------------------
# LSBATCH: User input
#!/bin/bash
# embedded options to bsub - start with #BSUB
# -- name ---
#BSUB -J Recon
# -- choose queue --
# For gpu write gpuv100
#BSUB -q gpuv100
#BSUB -gpu "num=1"
#BSUB -e my_job_error1.log
#BSUB -o my_job_output1.log
#BSUB -M 16000
#BSUB -R "rusage[mem=16000]"
# -- estimated wall clock time (execution time): hh:mm -- 
#BSUB -W 24:00 
# -- Number of cores requested -- 
#BSUB -n 4
# -- Specify the distribution of the cores: on a separate nodes --
#BSUB -R "span[hosts=1]"
# Array job: N tasks, one per folder
#BSUB -J folder_job[1-100]
# -- end of LSF options -- 

source /zhome/71/c/146676/miniconda3/bin/activate && conda activate cil5


THRESHOLD="0.5"
SIZE="7"
DECNUM="5"
WNAME="10"
SIGMA="0.3"
ALPHA="100.0"
NUM_PROC="100"

# Export variables to make them available to the Python script
export THRESHOLD
export SIZE
export DECNUM
export WNAME
export SIGMA
export ALPHA
export BETA
export DELTA
export NUM_PROC

# python -c "from reconstructor_NA import recon_FBP_single; recon_FBP_single($LSB_JOBINDEX)"
# python -c "from reconstructor_NA import recon_FBP_multi; recon_FBP_multi($LSB_JOBINDEX)"
# python -c "from reconstructor_NA import recon_TV_single; recon_TV_single($LSB_JOBINDEX)"
python -c "from reconstructor_NA import recon_TV_multi; recon_TV_multi($LSB_JOBINDEX)"


------------------------------------------------------------

Successfully completed.

Resource usage summary:

    CPU time :                                   872.00 sec.
    Max Memory :                                 1937 MB
    Average Memory :                             1574.00 MB
    Total Requested Memory :                     64000.00 MB
    Delta Memory :                               62063.00 MB
    Max Swap :                                   -
    Max Processes :                              4
    Max Threads :                                21
    Run time :                                   822 sec.
    Turnaround time :                            19037 sec.

The output (if any) is above this job summary.



PS:

Read file <my_job_error1.log> for stderr output of this job.

Initiating batch TV reconstruction from saved sinograms
Data loading time: 9.81 seconds
Initiating batch TV reconstruction from saved sinograms
Data loading time: 2.76 seconds
Reconstruction time: 790.06 seconds
Writing time: 9.36 seconds

------------------------------------------------------------
Sender: LSF System <lsfadmin@hpc.dtu.dk>
Subject: Job 23674221[89]: <folder_job[1-100]> in cluster <dcc> Done

Job <folder_job[1-100]> was submitted from host <gbarlogin1> by user <msaca> in cluster <dcc> at Mon Jan 13 20:01:30 2025
Job was executed on host(s) <4*n-62-20-5>, in queue <gpuv100>, as user <msaca> in cluster <dcc> at Tue Jan 14 01:16:52 2025
</zhome/71/c/146676> was used as the home directory.
</zhome/71/c/146676/main> was used as the working directory.
Started at Tue Jan 14 01:16:52 2025
Terminated at Tue Jan 14 01:30:29 2025
Results reported at Tue Jan 14 01:30:29 2025

Your job looked like:

------------------------------------------------------------
# LSBATCH: User input
#!/bin/bash
# embedded options to bsub - start with #BSUB
# -- name ---
#BSUB -J Recon
# -- choose queue --
# For gpu write gpuv100
#BSUB -q gpuv100
#BSUB -gpu "num=1"
#BSUB -e my_job_error1.log
#BSUB -o my_job_output1.log
#BSUB -M 16000
#BSUB -R "rusage[mem=16000]"
# -- estimated wall clock time (execution time): hh:mm -- 
#BSUB -W 24:00 
# -- Number of cores requested -- 
#BSUB -n 4
# -- Specify the distribution of the cores: on a separate nodes --
#BSUB -R "span[hosts=1]"
# Array job: N tasks, one per folder
#BSUB -J folder_job[1-100]
# -- end of LSF options -- 

source /zhome/71/c/146676/miniconda3/bin/activate && conda activate cil5


THRESHOLD="0.5"
SIZE="7"
DECNUM="5"
WNAME="10"
SIGMA="0.3"
ALPHA="100.0"
NUM_PROC="100"

# Export variables to make them available to the Python script
export THRESHOLD
export SIZE
export DECNUM
export WNAME
export SIGMA
export ALPHA
export BETA
export DELTA
export NUM_PROC

# python -c "from reconstructor_NA import recon_FBP_single; recon_FBP_single($LSB_JOBINDEX)"
# python -c "from reconstructor_NA import recon_FBP_multi; recon_FBP_multi($LSB_JOBINDEX)"
# python -c "from reconstructor_NA import recon_TV_single; recon_TV_single($LSB_JOBINDEX)"
python -c "from reconstructor_NA import recon_TV_multi; recon_TV_multi($LSB_JOBINDEX)"


------------------------------------------------------------

Successfully completed.

Resource usage summary:

    CPU time :                                   865.00 sec.
    Max Memory :                                 1793 MB
    Average Memory :                             1601.62 MB
    Total Requested Memory :                     64000.00 MB
    Delta Memory :                               62207.00 MB
    Max Swap :                                   -
    Max Processes :                              4
    Max Threads :                                21
    Run time :                                   819 sec.
    Turnaround time :                            19739 sec.

The output (if any) is above this job summary.



PS:

Read file <my_job_error1.log> for stderr output of this job.

                                                                                                                                                                                                                                                                                                                                                                                                                                                                                                                                                                                                                                                                                                                                                                                                                                                                                                                                                                                                                                                                                                                                                                                                                                                                                                                                                                                                                                                                                                                                                                                                                                                                                                                                                                                                                                                                                                                                                                                                                                                                                                                                                                                                                                                                                                                                                                                                                                                                                                                                                                                                                                                                                                                                                                                                                                                                                                                                                                                                                                  Initiating batch TV reconstruction from saved sinograms
Data loading time: 2.75 seconds
Initiating batch TV reconstruction from saved sinograms
Data loading time: 2.42 seconds
Reconstruction time: 791.51 seconds
Writing time: 9.66 seconds

------------------------------------------------------------
Sender: LSF System <lsfadmin@hpc.dtu.dk>
Subject: Job 23674221[91]: <folder_job[1-100]> in cluster <dcc> Done

Job <folder_job[1-100]> was submitted from host <gbarlogin1> by user <msaca> in cluster <dcc> at Mon Jan 13 20:01:30 2025
Job was executed on host(s) <4*n-62-20-3>, in queue <gpuv100>, as user <msaca> in cluster <dcc> at Tue Jan 14 01:18:30 2025
</zhome/71/c/146676> was used as the home directory.
</zhome/71/c/146676/main> was used as the working directory.
Started at Tue Jan 14 01:18:30 2025
Terminated at Tue Jan 14 01:32:07 2025
Results reported at Tue Jan 14 01:32:07 2025

Your job looked like:

------------------------------------------------------------
# LSBATCH: User input
#!/bin/bash
# embedded options to bsub - start with #BSUB
# -- name ---
#BSUB -J Recon
# -- choose queue --
# For gpu write gpuv100
#BSUB -q gpuv100
#BSUB -gpu "num=1"
#BSUB -e my_job_error1.log
#BSUB -o my_job_output1.log
#BSUB -M 16000
#BSUB -R "rusage[mem=16000]"
# -- estimated wall clock time (execution time): hh:mm -- 
#BSUB -W 24:00 
# -- Number of cores requested -- 
#BSUB -n 4
# -- Specify the distribution of the cores: on a separate nodes --
#BSUB -R "span[hosts=1]"
# Array job: N tasks, one per folder
#BSUB -J folder_job[1-100]
# -- end of LSF options -- 

source /zhome/71/c/146676/miniconda3/bin/activate && conda activate cil5


THRESHOLD="0.5"
SIZE="7"
DECNUM="5"
WNAME="10"
SIGMA="0.3"
ALPHA="100.0"
NUM_PROC="100"

# Export variables to make them available to the Python script
export THRESHOLD
export SIZE
export DECNUM
export WNAME
export SIGMA
export ALPHA
export BETA
export DELTA
export NUM_PROC

# python -c "from reconstructor_NA import recon_FBP_single; recon_FBP_single($LSB_JOBINDEX)"
# python -c "from reconstructor_NA import recon_FBP_multi; recon_FBP_multi($LSB_JOBINDEX)"
# python -c "from reconstructor_NA import recon_TV_single; recon_TV_single($LSB_JOBINDEX)"
python -c "from reconstructor_NA import recon_TV_multi; recon_TV_multi($LSB_JOBINDEX)"


------------------------------------------------------------

Successfully completed.

Resource usage summary:

    CPU time :                                   869.00 sec.
    Max Memory :                                 2079 MB
    Average Memory :                             1491.29 MB
    Total Requested Memory :                     64000.00 MB
    Delta Memory :                               61921.00 MB
    Max Swap :                                   -
    Max Processes :                              4
    Max Threads :                                21
    Run time :                                   818 sec.
    Turnaround time :                            19837 sec.

The output (if any) is above this job summary.



PS:

Read file <my_job_error1.log> for stderr output of this job.

Reconstruction time: 793.09 seconds
Writing time: 9.83 seconds

------------------------------------------------------------
Sender: LSF System <lsfadmin@hpc.dtu.dk>
Subject: Job 23674221[92]: <folder_job[1-100]> in cluster <dcc> Done

Job <folder_job[1-100]> was submitted from host <gbarlogin1> by user <msaca> in cluster <dcc> at Mon Jan 13 20:01:30 2025
Job was executed on host(s) <4*n-62-20-3>, in queue <gpuv100>, as user <msaca> in cluster <dcc> at Tue Jan 14 01:18:49 2025
</zhome/71/c/146676> was used as the home directory.
</zhome/71/c/146676/main> was used as the working directory.
Started at Tue Jan 14 01:18:49 2025
Terminated at Tue Jan 14 01:32:20 2025
Results reported at Tue Jan 14 01:32:20 2025

Your job looked like:

------------------------------------------------------------
# LSBATCH: User input
#!/bin/bash
# embedded options to bsub - start with #BSUB
# -- name ---
#BSUB -J Recon
# -- choose queue --
# For gpu write gpuv100
#BSUB -q gpuv100
#BSUB -gpu "num=1"
#BSUB -e my_job_error1.log
#BSUB -o my_job_output1.log
#BSUB -M 16000
#BSUB -R "rusage[mem=16000]"
# -- estimated wall clock time (execution time): hh:mm -- 
#BSUB -W 24:00 
# -- Number of cores requested -- 
#BSUB -n 4
# -- Specify the distribution of the cores: on a separate nodes --
#BSUB -R "span[hosts=1]"
# Array job: N tasks, one per folder
#BSUB -J folder_job[1-100]
# -- end of LSF options -- 

source /zhome/71/c/146676/miniconda3/bin/activate && conda activate cil5


THRESHOLD="0.5"
SIZE="7"
DECNUM="5"
WNAME="10"
SIGMA="0.3"
ALPHA="100.0"
NUM_PROC="100"

# Export variables to make them available to the Python script
export THRESHOLD
export SIZE
export DECNUM
export WNAME
export SIGMA
export ALPHA
export BETA
export DELTA
export NUM_PROC

# python -c "from reconstructor_NA import recon_FBP_single; recon_FBP_single($LSB_JOBINDEX)"
# python -c "from reconstructor_NA import recon_FBP_multi; recon_FBP_multi($LSB_JOBINDEX)"
# python -c "from reconstructor_NA import recon_TV_single; recon_TV_single($LSB_JOBINDEX)"
python -c "from reconstructor_NA import recon_TV_multi; recon_TV_multi($LSB_JOBINDEX)"


------------------------------------------------------------

Successfully completed.

Resource usage summary:

    CPU time :                                   870.00 sec.
    Max Memory :                                 2074 MB
    Average Memory :                             1818.50 MB
    Total Requested Memory :                     64000.00 MB
    Delta Memory :                               61926.00 MB
    Max Swap :                                   -
    Max Processes :                              4
    Max Threads :                                21
    Run time :                                   813 sec.
    Turnaround time :                            19850 sec.

The output (if any) is above this job summary.



PS:

Read file <my_job_error1.log> for stderr output of this job.

Initiating batch TV reconstruction from saved sinograms
Data loading time: 3.12 seconds
Initiating batch TV reconstruction from saved sinograms
Data loading time: 2.41 seconds
Reconstruction time: 791.44 seconds
Writing time: 7.33 seconds

------------------------------------------------------------
Sender: LSF System <lsfadmin@hpc.dtu.dk>
Subject: Job 23674221[93]: <folder_job[1-100]> in cluster <dcc> Done

Job <folder_job[1-100]> was submitted from host <gbarlogin1> by user <msaca> in cluster <dcc> at Mon Jan 13 20:01:30 2025
Job was executed on host(s) <4*n-62-20-5>, in queue <gpuv100>, as user <msaca> in cluster <dcc> at Tue Jan 14 01:30:30 2025
</zhome/71/c/146676> was used as the home directory.
</zhome/71/c/146676/main> was used as the working directory.
Started at Tue Jan 14 01:30:30 2025
Terminated at Tue Jan 14 01:43:57 2025
Results reported at Tue Jan 14 01:43:57 2025

Your job looked like:

------------------------------------------------------------
# LSBATCH: User input
#!/bin/bash
# embedded options to bsub - start with #BSUB
# -- name ---
#BSUB -J Recon
# -- choose queue --
# For gpu write gpuv100
#BSUB -q gpuv100
#BSUB -gpu "num=1"
#BSUB -e my_job_error1.log
#BSUB -o my_job_output1.log
#BSUB -M 16000
#BSUB -R "rusage[mem=16000]"
# -- estimated wall clock time (execution time): hh:mm -- 
#BSUB -W 24:00 
# -- Number of cores requested -- 
#BSUB -n 4
# -- Specify the distribution of the cores: on a separate nodes --
#BSUB -R "span[hosts=1]"
# Array job: N tasks, one per folder
#BSUB -J folder_job[1-100]
# -- end of LSF options -- 

source /zhome/71/c/146676/miniconda3/bin/activate && conda activate cil5


THRESHOLD="0.5"
SIZE="7"
DECNUM="5"
WNAME="10"
SIGMA="0.3"
ALPHA="100.0"
NUM_PROC="100"

# Export variables to make them available to the Python script
export THRESHOLD
export SIZE
export DECNUM
export WNAME
export SIGMA
export ALPHA
export BETA
export DELTA
export NUM_PROC

# python -c "from reconstructor_NA import recon_FBP_single; recon_FBP_single($LSB_JOBINDEX)"
# python -c "from reconstructor_NA import recon_FBP_multi; recon_FBP_multi($LSB_JOBINDEX)"
# python -c "from reconstructor_NA import recon_TV_single; recon_TV_single($LSB_JOBINDEX)"
python -c "from reconstructor_NA import recon_TV_multi; recon_TV_multi($LSB_JOBINDEX)"


------------------------------------------------------------

Successfully completed.

Resource usage summary:

    CPU time :                                   868.00 sec.
    Max Memory :                                 2074 MB
    Average Memory :                             1870.00 MB
    Total Requested Memory :                     64000.00 MB
    Delta Memory :                               61926.00 MB
    Max Swap :                                   -
    Max Processes :                              4
    Max Threads :                                21
    Run time :                                   808 sec.
    Turnaround time :                            20547 sec.

The output (if any) is above this job summary.



PS:

Read file <my_job_error1.log> for stderr output of this job.

                                                                                                                                                                                                                                                                                                                                                                                                                                                                                                                                                                                                                                                                                                                                                                                                                                                                                                                                                                                                                                                                                                                                                                                                                                                                                                                                                                                                                                                                                                                                                                                                                                                                                                                                                                                                                                                                                                                                                                                                                                                                                                                                                                                                                                                                                                                                                                                                                                                                                                                                                                                                                                                                                                                                                                                                                                                                                                                                                                                                                                 Initiating batch TV reconstruction from saved sinograms
Data loading time: 2.52 seconds
Initiating batch TV reconstruction from saved sinograms
Data loading time: 2.52 seconds
Reconstruction time: 792.43 seconds
Writing time: 6.78 seconds

------------------------------------------------------------
Sender: LSF System <lsfadmin@hpc.dtu.dk>
Subject: Job 23674221[95]: <folder_job[1-100]> in cluster <dcc> Done

Job <folder_job[1-100]> was submitted from host <gbarlogin1> by user <msaca> in cluster <dcc> at Mon Jan 13 20:01:30 2025
Job was executed on host(s) <4*n-62-20-3>, in queue <gpuv100>, as user <msaca> in cluster <dcc> at Tue Jan 14 01:32:07 2025
</zhome/71/c/146676> was used as the home directory.
</zhome/71/c/146676/main> was used as the working directory.
Started at Tue Jan 14 01:32:07 2025
Terminated at Tue Jan 14 01:45:35 2025
Results reported at Tue Jan 14 01:45:35 2025

Your job looked like:

------------------------------------------------------------
# LSBATCH: User input
#!/bin/bash
# embedded options to bsub - start with #BSUB
# -- name ---
#BSUB -J Recon
# -- choose queue --
# For gpu write gpuv100
#BSUB -q gpuv100
#BSUB -gpu "num=1"
#BSUB -e my_job_error1.log
#BSUB -o my_job_output1.log
#BSUB -M 16000
#BSUB -R "rusage[mem=16000]"
# -- estimated wall clock time (execution time): hh:mm -- 
#BSUB -W 24:00 
# -- Number of cores requested -- 
#BSUB -n 4
# -- Specify the distribution of the cores: on a separate nodes --
#BSUB -R "span[hosts=1]"
# Array job: N tasks, one per folder
#BSUB -J folder_job[1-100]
# -- end of LSF options -- 

source /zhome/71/c/146676/miniconda3/bin/activate && conda activate cil5


THRESHOLD="0.5"
SIZE="7"
DECNUM="5"
WNAME="10"
SIGMA="0.3"
ALPHA="100.0"
NUM_PROC="100"

# Export variables to make them available to the Python script
export THRESHOLD
export SIZE
export DECNUM
export WNAME
export SIGMA
export ALPHA
export BETA
export DELTA
export NUM_PROC

# python -c "from reconstructor_NA import recon_FBP_single; recon_FBP_single($LSB_JOBINDEX)"
# python -c "from reconstructor_NA import recon_FBP_multi; recon_FBP_multi($LSB_JOBINDEX)"
# python -c "from reconstructor_NA import recon_TV_single; recon_TV_single($LSB_JOBINDEX)"
python -c "from reconstructor_NA import recon_TV_multi; recon_TV_multi($LSB_JOBINDEX)"


------------------------------------------------------------

Successfully completed.

Resource usage summary:

    CPU time :                                   870.00 sec.
    Max Memory :                                 2173 MB
    Average Memory :                             1842.33 MB
    Total Requested Memory :                     64000.00 MB
    Delta Memory :                               61827.00 MB
    Max Swap :                                   -
    Max Processes :                              4
    Max Threads :                                21
    Run time :                                   808 sec.
    Turnaround time :                            20645 sec.

The output (if any) is above this job summary.



PS:

Read file <my_job_error1.log> for stderr output of this job.

Reconstruction time: 796.22 seconds
Writing time: 7.36 seconds

------------------------------------------------------------
Sender: LSF System <lsfadmin@hpc.dtu.dk>
Subject: Job 23674221[96]: <folder_job[1-100]> in cluster <dcc> Done

Job <folder_job[1-100]> was submitted from host <gbarlogin1> by user <msaca> in cluster <dcc> at Mon Jan 13 20:01:30 2025
Job was executed on host(s) <4*n-62-20-3>, in queue <gpuv100>, as user <msaca> in cluster <dcc> at Tue Jan 14 01:32:20 2025
</zhome/71/c/146676> was used as the home directory.
</zhome/71/c/146676/main> was used as the working directory.
Started at Tue Jan 14 01:32:20 2025
Terminated at Tue Jan 14 01:45:51 2025
Results reported at Tue Jan 14 01:45:51 2025

Your job looked like:

------------------------------------------------------------
# LSBATCH: User input
#!/bin/bash
# embedded options to bsub - start with #BSUB
# -- name ---
#BSUB -J Recon
# -- choose queue --
# For gpu write gpuv100
#BSUB -q gpuv100
#BSUB -gpu "num=1"
#BSUB -e my_job_error1.log
#BSUB -o my_job_output1.log
#BSUB -M 16000
#BSUB -R "rusage[mem=16000]"
# -- estimated wall clock time (execution time): hh:mm -- 
#BSUB -W 24:00 
# -- Number of cores requested -- 
#BSUB -n 4
# -- Specify the distribution of the cores: on a separate nodes --
#BSUB -R "span[hosts=1]"
# Array job: N tasks, one per folder
#BSUB -J folder_job[1-100]
# -- end of LSF options -- 

source /zhome/71/c/146676/miniconda3/bin/activate && conda activate cil5


THRESHOLD="0.5"
SIZE="7"
DECNUM="5"
WNAME="10"
SIGMA="0.3"
ALPHA="100.0"
NUM_PROC="100"

# Export variables to make them available to the Python script
export THRESHOLD
export SIZE
export DECNUM
export WNAME
export SIGMA
export ALPHA
export BETA
export DELTA
export NUM_PROC

# python -c "from reconstructor_NA import recon_FBP_single; recon_FBP_single($LSB_JOBINDEX)"
# python -c "from reconstructor_NA import recon_FBP_multi; recon_FBP_multi($LSB_JOBINDEX)"
# python -c "from reconstructor_NA import recon_TV_single; recon_TV_single($LSB_JOBINDEX)"
python -c "from reconstructor_NA import recon_TV_multi; recon_TV_multi($LSB_JOBINDEX)"


------------------------------------------------------------

Successfully completed.

Resource usage summary:

    CPU time :                                   873.00 sec.
    Max Memory :                                 2172 MB
    Average Memory :                             1801.11 MB
    Total Requested Memory :                     64000.00 MB
    Delta Memory :                               61828.00 MB
    Max Swap :                                   -
    Max Processes :                              4
    Max Threads :                                21
    Run time :                                   811 sec.
    Turnaround time :                            20661 sec.

The output (if any) is above this job summary.



PS:

Read file <my_job_error1.log> for stderr output of this job.

Initiating batch TV reconstruction from saved sinograms
Data loading time: 2.54 seconds
Initiating batch TV reconstruction from saved sinograms
Data loading time: 2.48 seconds
Reconstruction time: 792.59 seconds
Writing time: 6.66 seconds

------------------------------------------------------------
Sender: LSF System <lsfadmin@hpc.dtu.dk>
Subject: Job 23674221[97]: <folder_job[1-100]> in cluster <dcc> Done

Job <folder_job[1-100]> was submitted from host <gbarlogin1> by user <msaca> in cluster <dcc> at Mon Jan 13 20:01:30 2025
Job was executed on host(s) <4*n-62-20-5>, in queue <gpuv100>, as user <msaca> in cluster <dcc> at Tue Jan 14 01:43:57 2025
</zhome/71/c/146676> was used as the home directory.
</zhome/71/c/146676/main> was used as the working directory.
Started at Tue Jan 14 01:43:57 2025
Terminated at Tue Jan 14 01:57:24 2025
Results reported at Tue Jan 14 01:57:24 2025

Your job looked like:

------------------------------------------------------------
# LSBATCH: User input
#!/bin/bash
# embedded options to bsub - start with #BSUB
# -- name ---
#BSUB -J Recon
# -- choose queue --
# For gpu write gpuv100
#BSUB -q gpuv100
#BSUB -gpu "num=1"
#BSUB -e my_job_error1.log
#BSUB -o my_job_output1.log
#BSUB -M 16000
#BSUB -R "rusage[mem=16000]"
# -- estimated wall clock time (execution time): hh:mm -- 
#BSUB -W 24:00 
# -- Number of cores requested -- 
#BSUB -n 4
# -- Specify the distribution of the cores: on a separate nodes --
#BSUB -R "span[hosts=1]"
# Array job: N tasks, one per folder
#BSUB -J folder_job[1-100]
# -- end of LSF options -- 

source /zhome/71/c/146676/miniconda3/bin/activate && conda activate cil5


THRESHOLD="0.5"
SIZE="7"
DECNUM="5"
WNAME="10"
SIGMA="0.3"
ALPHA="100.0"
NUM_PROC="100"

# Export variables to make them available to the Python script
export THRESHOLD
export SIZE
export DECNUM
export WNAME
export SIGMA
export ALPHA
export BETA
export DELTA
export NUM_PROC

# python -c "from reconstructor_NA import recon_FBP_single; recon_FBP_single($LSB_JOBINDEX)"
# python -c "from reconstructor_NA import recon_FBP_multi; recon_FBP_multi($LSB_JOBINDEX)"
# python -c "from reconstructor_NA import recon_TV_single; recon_TV_single($LSB_JOBINDEX)"
python -c "from reconstructor_NA import recon_TV_multi; recon_TV_multi($LSB_JOBINDEX)"


------------------------------------------------------------

Successfully completed.

Resource usage summary:

    CPU time :                                   869.00 sec.
    Max Memory :                                 1947 MB
    Average Memory :                             1897.29 MB
    Total Requested Memory :                     64000.00 MB
    Delta Memory :                               62053.00 MB
    Max Swap :                                   -
    Max Processes :                              4
    Max Threads :                                21
    Run time :                                   807 sec.
    Turnaround time :                            21354 sec.

The output (if any) is above this job summary.



PS:

Read file <my_job_error1.log> for stderr output of this job.

Reconstruction time: 791.88 seconds
Writing time: 6.73 seconds

------------------------------------------------------------
Sender: LSF System <lsfadmin@hpc.dtu.dk>
Subject: Job 23674221[98]: <folder_job[1-100]> in cluster <dcc> Done

Job <folder_job[1-100]> was submitted from host <gbarlogin1> by user <msaca> in cluster <dcc> at Mon Jan 13 20:01:30 2025
Job was executed on host(s) <4*n-62-20-2>, in queue <gpuv100>, as user <msaca> in cluster <dcc> at Tue Jan 14 01:44:05 2025
</zhome/71/c/146676> was used as the home directory.
</zhome/71/c/146676/main> was used as the working directory.
Started at Tue Jan 14 01:44:05 2025
Terminated at Tue Jan 14 01:57:31 2025
Results reported at Tue Jan 14 01:57:31 2025

Your job looked like:

------------------------------------------------------------
# LSBATCH: User input
#!/bin/bash
# embedded options to bsub - start with #BSUB
# -- name ---
#BSUB -J Recon
# -- choose queue --
# For gpu write gpuv100
#BSUB -q gpuv100
#BSUB -gpu "num=1"
#BSUB -e my_job_error1.log
#BSUB -o my_job_output1.log
#BSUB -M 16000
#BSUB -R "rusage[mem=16000]"
# -- estimated wall clock time (execution time): hh:mm -- 
#BSUB -W 24:00 
# -- Number of cores requested -- 
#BSUB -n 4
# -- Specify the distribution of the cores: on a separate nodes --
#BSUB -R "span[hosts=1]"
# Array job: N tasks, one per folder
#BSUB -J folder_job[1-100]
# -- end of LSF options -- 

source /zhome/71/c/146676/miniconda3/bin/activate && conda activate cil5


THRESHOLD="0.5"
SIZE="7"
DECNUM="5"
WNAME="10"
SIGMA="0.3"
ALPHA="100.0"
NUM_PROC="100"

# Export variables to make them available to the Python script
export THRESHOLD
export SIZE
export DECNUM
export WNAME
export SIGMA
export ALPHA
export BETA
export DELTA
export NUM_PROC

# python -c "from reconstructor_NA import recon_FBP_single; recon_FBP_single($LSB_JOBINDEX)"
# python -c "from reconstructor_NA import recon_FBP_multi; recon_FBP_multi($LSB_JOBINDEX)"
# python -c "from reconstructor_NA import recon_TV_single; recon_TV_single($LSB_JOBINDEX)"
python -c "from reconstructor_NA import recon_TV_multi; recon_TV_multi($LSB_JOBINDEX)"


------------------------------------------------------------

Successfully completed.

Resource usage summary:

    CPU time :                                   868.00 sec.
    Max Memory :                                 2172 MB
    Average Memory :                             1822.14 MB
    Total Requested Memory :                     64000.00 MB
    Delta Memory :                               61828.00 MB
    Max Swap :                                   -
    Max Processes :                              4
    Max Threads :                                21
    Run time :                                   808 sec.
    Turnaround time :                            21361 sec.

The output (if any) is above this job summary.



PS:

Read file <my_job_error1.log> for stderr output of this job.

Reconstruction time: 793.21 seconds
Writing time: 7.64 seconds

------------------------------------------------------------
Sender: LSF System <lsfadmin@hpc.dtu.dk>
Subject: Job 23674221[99]: <folder_job[1-100]> in cluster <dcc> Done

Job <folder_job[1-100]> was submitted from host <gbarlogin1> by user <msaca> in cluster <dcc> at Mon Jan 13 20:01:30 2025
Job was executed on host(s) <4*n-62-20-3>, in queue <gpuv100>, as user <msaca> in cluster <dcc> at Tue Jan 14 01:45:36 2025
</zhome/71/c/146676> was used as the home directory.
</zhome/71/c/146676/main> was used as the working directory.
Started at Tue Jan 14 01:45:36 2025
Terminated at Tue Jan 14 01:59:05 2025
Results reported at Tue Jan 14 01:59:05 2025

Your job looked like:

------------------------------------------------------------
# LSBATCH: User input
#!/bin/bash
# embedded options to bsub - start with #BSUB
# -- name ---
#BSUB -J Recon
# -- choose queue --
# For gpu write gpuv100
#BSUB -q gpuv100
#BSUB -gpu "num=1"
#BSUB -e my_job_error1.log
#BSUB -o my_job_output1.log
#BSUB -M 16000
#BSUB -R "rusage[mem=16000]"
# -- estimated wall clock time (execution time): hh:mm -- 
#BSUB -W 24:00 
# -- Number of cores requested -- 
#BSUB -n 4
# -- Specify the distribution of the cores: on a separate nodes --
#BSUB -R "span[hosts=1]"
# Array job: N tasks, one per folder
#BSUB -J folder_job[1-100]
# -- end of LSF options -- 

source /zhome/71/c/146676/miniconda3/bin/activate && conda activate cil5


THRESHOLD="0.5"
SIZE="7"
DECNUM="5"
WNAME="10"
SIGMA="0.3"
ALPHA="100.0"
NUM_PROC="100"

# Export variables to make them available to the Python script
export THRESHOLD
export SIZE
export DECNUM
export WNAME
export SIGMA
export ALPHA
export BETA
export DELTA
export NUM_PROC

# python -c "from reconstructor_NA import recon_FBP_single; recon_FBP_single($LSB_JOBINDEX)"
# python -c "from reconstructor_NA import recon_FBP_multi; recon_FBP_multi($LSB_JOBINDEX)"
# python -c "from reconstructor_NA import recon_TV_single; recon_TV_single($LSB_JOBINDEX)"
python -c "from reconstructor_NA import recon_TV_multi; recon_TV_multi($LSB_JOBINDEX)"


------------------------------------------------------------

Successfully completed.

Resource usage summary:

    CPU time :                                   870.00 sec.
    Max Memory :                                 2176 MB
    Average Memory :                             1838.88 MB
    Total Requested Memory :                     64000.00 MB
    Delta Memory :                               61824.00 MB
    Max Swap :                                   -
    Max Processes :                              4
    Max Threads :                                21
    Run time :                                   810 sec.
    Turnaround time :                            21455 sec.

The output (if any) is above this job summary.



PS:

Read file <my_job_error1.log> for stderr output of this job.

Reconstruction time: 795.65 seconds
Writing time: 7.40 seconds

------------------------------------------------------------
Sender: LSF System <lsfadmin@hpc.dtu.dk>
Subject: Job 23674221[100]: <folder_job[1-100]> in cluster <dcc> Done

Job <folder_job[1-100]> was submitted from host <gbarlogin1> by user <msaca> in cluster <dcc> at Mon Jan 13 20:01:30 2025
Job was executed on host(s) <4*n-62-20-3>, in queue <gpuv100>, as user <msaca> in cluster <dcc> at Tue Jan 14 01:45:53 2025
</zhome/71/c/146676> was used as the home directory.
</zhome/71/c/146676/main> was used as the working directory.
Started at Tue Jan 14 01:45:53 2025
Terminated at Tue Jan 14 01:59:24 2025
Results reported at Tue Jan 14 01:59:24 2025

Your job looked like:

------------------------------------------------------------
# LSBATCH: User input
#!/bin/bash
# embedded options to bsub - start with #BSUB
# -- name ---
#BSUB -J Recon
# -- choose queue --
# For gpu write gpuv100
#BSUB -q gpuv100
#BSUB -gpu "num=1"
#BSUB -e my_job_error1.log
#BSUB -o my_job_output1.log
#BSUB -M 16000
#BSUB -R "rusage[mem=16000]"
# -- estimated wall clock time (execution time): hh:mm -- 
#BSUB -W 24:00 
# -- Number of cores requested -- 
#BSUB -n 4
# -- Specify the distribution of the cores: on a separate nodes --
#BSUB -R "span[hosts=1]"
# Array job: N tasks, one per folder
#BSUB -J folder_job[1-100]
# -- end of LSF options -- 

source /zhome/71/c/146676/miniconda3/bin/activate && conda activate cil5


THRESHOLD="0.5"
SIZE="7"
DECNUM="5"
WNAME="10"
SIGMA="0.3"
ALPHA="100.0"
NUM_PROC="100"

# Export variables to make them available to the Python script
export THRESHOLD
export SIZE
export DECNUM
export WNAME
export SIGMA
export ALPHA
export BETA
export DELTA
export NUM_PROC

# python -c "from reconstructor_NA import recon_FBP_single; recon_FBP_single($LSB_JOBINDEX)"
# python -c "from reconstructor_NA import recon_FBP_multi; recon_FBP_multi($LSB_JOBINDEX)"
# python -c "from reconstructor_NA import recon_TV_single; recon_TV_single($LSB_JOBINDEX)"
python -c "from reconstructor_NA import recon_TV_multi; recon_TV_multi($LSB_JOBINDEX)"


------------------------------------------------------------

Successfully completed.

Resource usage summary:

    CPU time :                                   872.00 sec.
    Max Memory :                                 2105 MB
    Average Memory :                             1822.38 MB
    Total Requested Memory :                     64000.00 MB
    Delta Memory :                               61895.00 MB
    Max Swap :                                   -
    Max Processes :                              4
    Max Threads :                                21
    Run time :                                   813 sec.
    Turnaround time :                            21474 sec.

The output (if any) is above this job summary.



PS:

Read file <my_job_error1.log> for stderr output of this job.

